,Date,SPY
0,2012-05-31,108.69297790527344
1,2012-06-01,105.9564208984375
2,2012-06-04,105.90679168701172
3,2012-06-05,106.70875549316406
4,2012-06-06,109.1063461303711
5,2012-06-07,109.17243957519531
6,2012-06-08,110.0405502319336
7,2012-06-11,108.64335632324219
8,2012-06-12,109.8917236328125
9,2012-06-13,109.18902587890625
10,2012-06-14,110.3464584350586
11,2012-06-15,111.47501373291016
12,2012-06-18,111.69107818603516
13,2012-06-19,112.77140045166016
14,2012-06-20,112.58856964111328
15,2012-06-21,110.06224060058594
16,2012-06-22,110.90990447998047
17,2012-06-25,109.13147735595703
18,2012-06-26,109.68000030517578
19,2012-06-27,110.66890716552734
20,2012-06-28,110.35310363769531
21,2012-06-29,113.10384368896484
22,2012-07-02,113.44453430175781
23,2012-07-03,114.19249725341797
24,2012-07-05,113.67726135253906
25,2012-07-06,112.59687042236328
26,2012-07-09,112.45565032958984
27,2012-07-10,111.47501373291016
28,2012-07-11,111.49163055419922
29,2012-07-12,110.95146942138672
30,2012-07-13,112.81297302246094
31,2012-07-16,112.54703521728516
32,2012-07-17,113.3199462890625
33,2012-07-18,114.15924835205078
34,2012-07-19,114.45841217041016
35,2012-07-20,113.41131591796875
36,2012-07-23,112.2645034790039
37,2012-07-24,111.30049133300781
38,2012-07-25,111.32543182373047
39,2012-07-26,113.1620101928711
40,2012-07-27,115.24788665771484
41,2012-07-30,115.24788665771484
42,2012-07-31,114.44184112548828
43,2012-08-01,114.34204864501953
44,2012-08-02,113.55255126953125
45,2012-08-03,115.80471801757812
46,2012-08-06,116.02910614013672
47,2012-08-07,116.61080169677734
48,2012-08-08,116.75209045410156
49,2012-08-09,116.85181427001953
50,2012-08-10,117.04293823242188
51,2012-08-13,116.98481750488281
52,2012-08-14,117.00137329101562
53,2012-08-15,117.13433074951172
54,2012-08-16,117.99860382080078
55,2012-08-17,118.1565170288086
56,2012-08-20,118.16485595703125
57,2012-08-21,117.80745697021484
58,2012-08-22,117.85736846923828
59,2012-08-23,116.89337158203125
60,2012-08-24,117.5997085571289
61,2012-08-27,117.62464904785156
62,2012-08-28,117.50833129882812
63,2012-08-29,117.5997085571289
64,2012-08-30,116.75209045410156
65,2012-08-31,117.30888366699219
66,2012-09-04,117.20082092285156
67,2012-09-05,117.10114288330078
68,2012-09-06,119.47785186767578
69,2012-09-07,119.94325256347656
70,2012-09-10,119.2618179321289
71,2012-09-11,119.59422302246094
72,2012-09-12,119.9931411743164
73,2012-09-13,121.82138061523438
74,2012-09-14,122.36155700683594
75,2012-09-17,121.94603729248047
76,2012-09-18,121.8463363647461
77,2012-09-19,121.91279602050781
78,2012-09-20,121.92108917236328
79,2012-09-21,121.87010955810547
80,2012-09-24,121.68633270263672
81,2012-09-25,120.39141845703125
82,2012-09-26,119.71464538574219
83,2012-09-27,120.842529296875
84,2012-09-28,120.28276824951172
85,2012-10-01,120.60028076171875
86,2012-10-02,120.72555541992188
87,2012-10-03,121.21847534179688
88,2012-10-04,122.08737182617188
89,2012-10-05,122.09573364257812
90,2012-10-08,121.67800903320312
91,2012-10-09,120.47488403320312
92,2012-10-10,119.70628356933594
93,2012-10-11,119.77314758300781
94,2012-10-12,119.38043975830078
95,2012-10-15,120.37464904785156
96,2012-10-16,121.59447479248047
97,2012-10-17,122.14582824707031
98,2012-10-18,121.82841491699219
99,2012-10-19,119.79815673828125
100,2012-10-22,119.8149185180664
101,2012-10-23,118.15230560302734
102,2012-10-24,117.818115234375
103,2012-10-25,118.16068267822266
104,2012-10-26,118.09383392333984
105,2012-10-31,118.09383392333984
106,2012-11-01,119.330322265625
107,2012-11-02,118.26929473876953
108,2012-11-05,118.51158905029297
109,2012-11-06,119.43893432617188
110,2012-11-07,116.73200225830078
111,2012-11-08,115.32840728759766
112,2012-11-09,115.42869567871094
113,2012-11-12,115.52057647705078
114,2012-11-13,115.11953735351562
115,2012-11-14,113.56558227539062
116,2012-11-15,113.37340545654297
117,2012-11-16,113.93315887451172
118,2012-11-19,116.23908996582031
119,2012-11-20,116.28923797607422
120,2012-11-21,116.50640106201172
121,2012-11-23,118.09383392333984
122,2012-11-26,117.84315490722656
123,2012-11-27,117.24160766601562
124,2012-11-28,118.18575286865234
125,2012-11-29,118.73714447021484
126,2012-11-30,118.76220703125
127,2012-12-03,118.17737579345703
128,2012-12-04,118.0102767944336
129,2012-12-05,118.21918487548828
130,2012-12-06,118.62020111083984
131,2012-12-07,118.97940826416016
132,2012-12-10,119.02957153320312
133,2012-12-11,119.83998107910156
134,2012-12-12,119.89842987060547
135,2012-12-13,119.16323852539062
136,2012-12-14,118.720458984375
137,2012-12-17,120.11566162109375
138,2012-12-18,121.452392578125
139,2012-12-19,120.55007934570312
140,2012-12-20,121.24354553222656
141,2012-12-21,120.14297485351562
142,2012-12-24,119.7728042602539
143,2012-12-26,119.26797485351562
144,2012-12-27,119.10810852050781
145,2012-12-28,117.82072448730469
146,2012-12-31,119.82325744628906
147,2013-01-02,122.89436340332031
148,2013-01-03,122.6167221069336
149,2013-01-04,123.15522003173828
150,2013-01-07,122.81863403320312
151,2013-01-08,122.46524810791016
152,2013-01-09,122.77661895751953
153,2013-01-10,123.7525634765625
154,2013-01-11,123.74421691894531
155,2013-01-14,123.66004180908203
156,2013-01-15,123.74421691894531
157,2013-01-16,123.72733306884766
158,2013-01-17,124.52669525146484
159,2013-01-18,124.8043212890625
160,2013-01-22,125.47747039794922
161,2013-01-23,125.67940521240234
162,2013-01-24,125.71307373046875
163,2013-01-25,126.41984558105469
164,2013-01-28,126.26836395263672
165,2013-01-29,126.76481628417969
166,2013-01-30,126.26836395263672
167,2013-01-31,125.95706939697266
168,2013-02-01,127.25279998779297
169,2013-02-04,125.82242584228516
170,2013-02-05,127.09292602539062
171,2013-02-06,127.18547058105469
172,2013-02-07,127.01725006103516
173,2013-02-08,127.7240219116211
174,2013-02-11,127.69877624511719
175,2013-02-12,127.90910339355469
176,2013-02-13,128.0184783935547
177,2013-02-14,128.13624572753906
178,2013-02-15,127.98480987548828
179,2013-02-19,128.9440460205078
180,2013-02-20,127.33694458007812
181,2013-02-21,126.56282043457031
182,2013-02-22,127.7997055053711
183,2013-02-25,125.36810302734375
184,2013-02-26,126.22630310058594
185,2013-02-27,127.81657409667969
186,2013-02-28,127.56414031982422
187,2013-03-01,127.98480987548828
188,2013-03-04,128.66635131835938
189,2013-03-05,129.8190460205078
190,2013-03-06,129.99574279785156
191,2013-03-07,130.2313232421875
192,2013-03-08,130.78665161132812
193,2013-03-11,131.28311157226562
194,2013-03-12,130.98861694335938
195,2013-03-13,131.17369079589844
196,2013-03-14,131.87205505371094
197,2013-03-15,131.69798278808594
198,2013-03-18,130.97119140625
199,2013-03-19,130.66690063476562
200,2013-03-20,131.57968139648438
201,2013-03-21,130.4556121826172
202,2013-03-22,131.50363159179688
203,2013-03-25,130.9542694091797
204,2013-03-26,132.00221252441406
205,2013-03-27,132.00221252441406
206,2013-03-28,132.4078826904297
207,2013-04-01,131.8839111328125
208,2013-04-02,132.53463745117188
209,2013-04-03,131.19085693359375
210,2013-04-04,131.7233428955078
211,2013-04-05,131.13172912597656
212,2013-04-08,132.0191192626953
213,2013-04-09,132.47547912597656
214,2013-04-10,134.09812927246094
215,2013-04-11,134.53759765625
216,2013-04-12,134.2080535888672
217,2013-04-15,131.09793090820312
218,2013-04-16,133.0332489013672
219,2013-04-17,131.0894775390625
220,2013-04-18,130.26968383789062
221,2013-04-19,131.4021759033203
222,2013-04-22,131.98532104492188
223,2013-04-23,133.3459930419922
224,2013-04-24,133.43052673339844
225,2013-04-25,133.97140502929688
226,2013-04-26,133.73475646972656
227,2013-04-29,134.63067626953125
228,2013-04-30,134.95172119140625
229,2013-05-01,133.76858520507812
230,2013-05-02,135.01092529296875
231,2013-05-03,136.3800506591797
232,2013-05-06,136.72657775878906
233,2013-05-07,137.41958618164062
234,2013-05-08,138.0449676513672
235,2013-05-09,137.65621948242188
236,2013-05-10,138.10415649414062
237,2013-05-13,138.2139892578125
238,2013-05-14,139.64230346679688
239,2013-05-15,140.3944549560547
240,2013-05-16,139.7352294921875
241,2013-05-17,141.08746337890625
242,2013-05-20,141.07899475097656
243,2013-05-21,141.28182983398438
244,2013-05-22,140.23382568359375
245,2013-05-23,139.82821655273438
246,2013-05-24,139.70989990234375
247,2013-05-28,140.5465850830078
248,2013-05-29,139.6338348388672
249,2013-05-30,140.14939880371094
250,2013-05-31,138.13792419433594
251,2013-06-03,138.8986053466797
252,2013-06-04,138.23089599609375
253,2013-06-05,136.29556274414062
254,2013-06-06,137.5294189453125
255,2013-06-07,139.2788848876953
256,2013-06-10,139.2788848876953
257,2013-06-11,137.8421173095703
258,2013-06-12,136.70118713378906
259,2013-06-13,138.7802276611328
260,2013-06-14,137.9097442626953
261,2013-06-17,138.97463989257812
262,2013-06-18,140.07322692871094
263,2013-06-19,138.13792419433594
264,2013-06-20,134.71511840820312
265,2013-06-21,135.14755249023438
266,2013-06-24,133.4398651123047
267,2013-06-25,134.72276306152344
268,2013-06-26,136.056640625
269,2013-06-27,136.85528564453125
270,2013-06-28,136.29457092285156
271,2013-07-01,137.09315490722656
272,2013-07-02,136.9657440185547
273,2013-07-03,137.02520751953125
274,2013-07-05,138.5035400390625
275,2013-07-08,139.2936553955078
276,2013-07-09,140.29617309570312
277,2013-07-10,140.34718322753906
278,2013-07-11,142.25881958007812
279,2013-07-12,142.31826782226562
280,2013-07-15,142.86203002929688
281,2013-07-16,142.32675170898438
282,2013-07-17,142.69212341308594
283,2013-07-18,143.47372436523438
284,2013-07-19,143.72865295410156
285,2013-07-22,144.0089874267578
286,2013-07-23,143.70315551757812
287,2013-07-24,143.17640686035156
288,2013-07-25,143.52471923828125
289,2013-07-26,143.67767333984375
290,2013-07-29,143.2358856201172
291,2013-07-30,143.2358856201172
292,2013-07-31,143.33779907226562
293,2013-08-01,144.9945526123047
294,2013-08-02,145.240966796875
295,2013-08-05,145.02853393554688
296,2013-08-06,144.20443725585938
297,2013-08-07,143.73715209960938
298,2013-08-08,144.263916015625
299,2013-08-09,143.8475799560547
300,2013-08-12,143.67767333984375
301,2013-08-13,144.1025390625
302,2013-08-14,143.36334228515625
303,2013-08-15,141.35821533203125
304,2013-08-16,140.8909454345703
305,2013-08-19,139.99034118652344
306,2013-08-20,140.67852783203125
307,2013-08-21,139.8119354248047
308,2013-08-22,141.08633422851562
309,2013-08-23,141.56214904785156
310,2013-08-26,141.03533935546875
311,2013-08-27,138.76687622070312
312,2013-08-28,139.2596893310547
313,2013-08-29,139.48062133789062
314,2013-08-30,139.03880310058594
315,2013-09-03,139.66749572753906
316,2013-09-04,140.82301330566406
317,2013-09-05,141.0013885498047
318,2013-09-06,141.06936645507812
319,2013-09-09,142.4202423095703
320,2013-09-10,143.47372436523438
321,2013-09-11,143.92398071289062
322,2013-09-12,143.541748046875
323,2013-09-13,143.86456298828125
324,2013-09-16,144.69723510742188
325,2013-09-17,145.34288024902344
326,2013-09-18,147.02511596679688
327,2013-09-19,146.77870178222656
328,2013-09-20,145.7524871826172
329,2013-09-23,145.07809448242188
330,2013-09-24,144.73655700683594
331,2013-09-25,144.3182373046875
332,2013-09-26,144.8731689453125
333,2013-09-27,144.20726013183594
334,2013-09-30,143.43887329101562
335,2013-10-01,144.57435607910156
336,2013-10-02,144.43775939941406
337,2013-10-03,143.10589599609375
338,2013-10-04,144.19020080566406
339,2013-10-07,142.94366455078125
340,2013-10-08,141.27890014648438
341,2013-10-09,141.38133239746094
342,2013-10-10,144.42922973632812
343,2013-10-11,145.3597869873047
344,2013-10-14,145.94039916992188
345,2013-10-15,144.8817596435547
346,2013-10-16,146.90513610839844
347,2013-10-17,147.8869171142578
348,2013-10-18,148.8858184814453
349,2013-10-21,148.89434814453125
350,2013-10-22,149.75668334960938
351,2013-10-23,149.0394744873047
352,2013-10-24,149.53468322753906
353,2013-10-25,150.21763610839844
354,2013-10-28,150.45668029785156
355,2013-10-29,151.2592315673828
356,2013-10-30,150.5079345703125
357,2013-10-31,150.08106994628906
358,2013-11-01,150.43963623046875
359,2013-11-04,150.96896362304688
360,2013-11-05,150.49085998535156
361,2013-11-06,151.2592315673828
362,2013-11-07,149.34678649902344
363,2013-11-08,151.36170959472656
364,2013-11-11,151.3873291015625
365,2013-11-12,151.0799560546875
366,2013-11-13,152.29226684570312
367,2013-11-14,153.0521240234375
368,2013-11-15,153.71804809570312
369,2013-11-18,153.18019104003906
370,2013-11-19,152.84716796875
371,2013-11-20,152.36911010742188
372,2013-11-21,153.59852600097656
373,2013-11-22,154.36692810058594
374,2013-11-25,154.21322631835938
375,2013-11-26,154.25588989257812
376,2013-11-27,154.63153076171875
377,2013-11-29,154.5290985107422
378,2013-12-02,154.12782287597656
379,2013-12-03,153.46185302734375
380,2013-12-04,153.44483947753906
381,2013-12-05,152.7703857421875
382,2013-12-06,154.47787475585938
383,2013-12-09,154.87054443359375
384,2013-12-10,154.315673828125
385,2013-12-11,152.58253479003906
386,2013-12-12,152.07888793945312
387,2013-12-13,152.06179809570312
388,2013-12-16,153.0093994140625
389,2013-12-17,152.5227508544922
390,2013-12-18,155.12673950195312
391,2013-12-19,154.9474639892578
392,2013-12-20,155.8487548828125
393,2013-12-23,156.68145751953125
394,2013-12-24,157.0247039794922
395,2013-12-26,157.8230438232422
396,2013-12-27,157.81443786621094
397,2013-12-30,157.7886962890625
398,2013-12-31,158.53550720214844
399,2014-01-02,157.0161590576172
400,2014-01-03,156.9904022216797
401,2014-01-06,156.5354461669922
402,2014-01-07,157.49684143066406
403,2014-01-08,157.5312042236328
404,2014-01-09,157.6341552734375
405,2014-01-10,158.0634002685547
406,2014-01-13,155.96035766601562
407,2014-01-14,157.66000366210938
408,2014-01-15,158.50979614257812
409,2014-01-16,158.3037109375
410,2014-01-17,157.6341552734375
411,2014-01-21,158.0977325439453
412,2014-01-22,158.2007293701172
413,2014-01-23,156.90457153320312
414,2014-01-24,153.5568389892578
415,2014-01-27,152.80148315429688
416,2014-01-28,153.71139526367188
417,2014-01-29,152.2349395751953
418,2014-01-30,153.84872436523438
419,2014-01-31,152.9474334716797
420,2014-02-03,149.50526428222656
421,2014-02-04,150.55255126953125
422,2014-02-05,150.3636932373047
423,2014-02-06,152.34657287597656
424,2014-02-07,154.23497009277344
425,2014-02-10,154.5182647705078
426,2014-02-11,156.2093048095703
427,2014-02-12,156.2865447998047
428,2014-02-13,157.0934295654297
429,2014-02-14,157.96038818359375
430,2014-02-18,158.1492156982422
431,2014-02-19,157.10195922851562
432,2014-02-20,158.02906799316406
433,2014-02-21,157.8488006591797
434,2014-02-24,158.72433471679688
435,2014-02-25,158.6642608642578
436,2014-02-26,158.6728515625
437,2014-02-27,159.5054931640625
438,2014-02-28,159.90890502929688
439,2014-03-03,158.78445434570312
440,2014-03-04,161.0162353515625
441,2014-03-05,161.1621551513672
442,2014-03-06,161.53128051757812
443,2014-03-07,161.59996032714844
444,2014-03-10,161.51409912109375
445,2014-03-11,160.7158203125
446,2014-03-12,160.75869750976562
447,2014-03-13,158.9561309814453
448,2014-03-14,158.50979614257812
449,2014-03-17,159.9432830810547
450,2014-03-18,161.0849151611328
451,2014-03-19,160.22654724121094
452,2014-03-20,161.1621551513672
453,2014-03-21,160.53704833984375
454,2014-03-24,159.87319946289062
455,2014-03-25,160.63189697265625
456,2014-03-26,159.47666931152344
457,2014-03-27,159.140380859375
458,2014-03-28,159.9249725341797
459,2014-03-31,161.23545837402344
460,2014-04-01,162.30458068847656
461,2014-04-02,162.84771728515625
462,2014-04-03,162.6321563720703
463,2014-04-04,160.7095184326172
464,2014-04-07,158.9334259033203
465,2014-04-08,159.58868408203125
466,2014-04-09,161.30441284179688
467,2014-04-10,157.9160919189453
468,2014-04-11,156.4934844970703
469,2014-04-14,157.7263946533203
470,2014-04-15,158.8126983642578
471,2014-04-16,160.47674560546875
472,2014-04-17,160.70091247558594
473,2014-04-21,161.2613067626953
474,2014-04-22,161.9942169189453
475,2014-04-23,161.61476135253906
476,2014-04-24,161.9424591064453
477,2014-04-25,160.6146697998047
478,2014-04-28,161.12335205078125
479,2014-04-29,161.8734588623047
480,2014-04-30,162.35626220703125
481,2014-05-01,162.37351989746094
482,2014-05-02,162.1407012939453
483,2014-05-05,162.4511260986328
484,2014-05-06,161.03713989257812
485,2014-05-07,161.98556518554688
486,2014-05-08,161.81309509277344
487,2014-05-09,162.05453491210938
488,2014-05-12,163.63229370117188
489,2014-05-13,163.77886962890625
490,2014-05-14,163.0029296875
491,2014-05-15,161.57167053222656
492,2014-05-16,162.13214111328125
493,2014-05-19,162.72702026367188
494,2014-05-20,161.70106506347656
495,2014-05-21,163.0632781982422
496,2014-05-22,163.45986938476562
497,2014-05-23,164.11512756347656
498,2014-05-27,165.1238555908203
499,2014-05-28,165.00320434570312
500,2014-05-29,165.85665893554688
501,2014-05-30,166.1239471435547
502,2014-06-02,166.31365966796875
503,2014-06-03,166.2274627685547
504,2014-06-04,166.56370544433594
505,2014-06-05,167.64999389648438
506,2014-06-06,168.4518585205078
507,2014-06-09,168.624267578125
508,2014-06-10,168.6415557861328
509,2014-06-11,168.0552520751953
510,2014-06-12,166.86544799804688
511,2014-06-13,167.3741455078125
512,2014-06-16,167.51210021972656
513,2014-06-17,167.97767639160156
514,2014-06-18,169.21054077148438
515,2014-06-19,169.40028381347656
516,2014-06-20,169.74415588378906
517,2014-06-23,169.6922149658203
518,2014-06-24,168.66993713378906
519,2014-06-25,169.43228149414062
520,2014-06-26,169.31101989746094
521,2014-06-27,169.64019775390625
522,2014-06-30,169.55357360839844
523,2014-07-01,170.6884002685547
524,2014-07-02,170.86172485351562
525,2014-07-03,171.7020263671875
526,2014-07-07,171.10426330566406
527,2014-07-08,170.0040740966797
528,2014-07-09,170.76638793945312
529,2014-07-10,170.09066772460938
530,2014-07-11,170.32461547851562
531,2014-07-14,171.1822509765625
532,2014-07-15,170.86172485351562
533,2014-07-16,171.49412536621094
534,2014-07-17,169.544921875
535,2014-07-18,171.27757263183594
536,2014-07-21,170.95700073242188
537,2014-07-22,171.7020263671875
538,2014-07-23,172.08322143554688
539,2014-07-24,172.09188842773438
540,2014-07-25,171.28622436523438
541,2014-07-28,171.3555145263672
542,2014-07-29,170.619140625
543,2014-07-30,170.64517211914062
544,2014-07-31,167.2751922607422
545,2014-08-01,166.7640838623047
546,2014-08-04,167.9682159423828
547,2014-08-05,166.339599609375
548,2014-08-06,166.39158630371094
549,2014-08-07,165.49063110351562
550,2014-08-08,167.40518188476562
551,2014-08-11,167.89027404785156
552,2014-08-12,167.65635681152344
553,2014-08-13,168.79119873046875
554,2014-08-14,169.58822631835938
555,2014-08-15,169.55357360839844
556,2014-08-18,170.9743194580078
557,2014-08-19,171.86660766601562
558,2014-08-20,172.32577514648438
559,2014-08-21,172.82821655273438
560,2014-08-22,172.5596466064453
561,2014-08-25,173.43466186523438
562,2014-08-26,173.54727172851562
563,2014-08-27,173.47796630859375
564,2014-08-28,173.3826446533203
565,2014-08-29,173.87646484375
566,2014-09-02,173.7898406982422
567,2014-09-03,173.6945037841797
568,2014-09-04,173.44326782226562
569,2014-09-05,174.22299194335938
570,2014-09-08,173.7725067138672
571,2014-09-09,172.6722869873047
572,2014-09-10,173.32200622558594
573,2014-09-11,173.52122497558594
574,2014-09-12,172.50770568847656
575,2014-09-15,172.3777618408203
576,2014-09-16,173.6772003173828
577,2014-09-17,173.9110870361328
578,2014-09-18,174.83807373046875
579,2014-09-19,174.68052673339844
580,2014-09-22,173.3314666748047
581,2014-09-23,172.33926391601562
582,2014-09-24,173.68832397460938
583,2014-09-25,170.88577270507812
584,2014-09-26,172.24351501464844
585,2014-09-29,171.9302215576172
586,2014-09-30,171.4776611328125
587,2014-10-01,169.15374755859375
588,2014-10-02,169.17990112304688
589,2014-10-03,171.04246520996094
590,2014-10-06,170.8422393798828
591,2014-10-07,168.20501708984375
592,2014-10-08,171.14691162109375
593,2014-10-09,167.7525177001953
594,2014-10-10,165.8376922607422
595,2014-10-13,163.11346435546875
596,2014-10-14,163.36590576171875
597,2014-10-15,162.2605438232422
598,2014-10-16,162.1212921142578
599,2014-10-17,164.03607177734375
600,2014-10-20,165.6288604736328
601,2014-10-21,168.91009521484375
602,2014-10-22,167.70896911621094
603,2014-10-23,169.65853881835938
604,2014-10-24,170.964111328125
605,2014-10-27,170.72906494140625
606,2014-10-28,172.68739318847656
607,2014-10-29,172.42633056640625
608,2014-10-30,173.5316619873047
609,2014-10-31,175.51609802246094
610,2014-11-03,175.61183166503906
611,2014-11-04,175.00259399414062
612,2014-11-05,176.10787963867188
613,2014-11-06,176.8129119873047
614,2014-11-07,176.97824096679688
615,2014-11-10,177.53529357910156
616,2014-11-11,177.7093505859375
617,2014-11-12,177.51788330078125
618,2014-11-13,177.7180633544922
619,2014-11-14,177.76161193847656
620,2014-11-17,177.87477111816406
621,2014-11-18,178.90174865722656
622,2014-11-19,178.6145477294922
623,2014-11-20,178.92788696289062
624,2014-11-21,179.88526916503906
625,2014-11-24,180.39007568359375
626,2014-11-25,180.25950622558594
627,2014-11-26,180.72079467773438
628,2014-11-28,180.33779907226562
629,2014-12-01,179.08450317382812
630,2014-12-02,180.2420654296875
631,2014-12-03,180.93841552734375
632,2014-12-04,180.73825073242188
633,2014-12-05,181.0341339111328
634,2014-12-08,179.82431030273438
635,2014-12-09,179.70248413085938
636,2014-12-10,176.82162475585938
637,2014-12-11,177.7180633544922
638,2014-12-12,174.84588623046875
639,2014-12-15,173.6448211669922
640,2014-12-16,172.25225830078125
641,2014-12-17,175.62924194335938
642,2014-12-18,179.97230529785156
643,2014-12-19,180.73809814453125
644,2014-12-22,181.5695037841797
645,2014-12-23,181.81451416015625
646,2014-12-24,181.83197021484375
647,2014-12-26,182.41836547851562
648,2014-12-29,182.66343688964844
649,2014-12-30,181.6832733154297
650,2014-12-31,179.88035583496094
651,2015-01-02,179.7841339111328
652,2015-01-05,176.5373077392578
653,2015-01-06,174.87451171875
654,2015-01-07,177.0536346435547
655,2015-01-08,180.1954345703125
656,2015-01-09,178.75149536132812
657,2015-01-12,177.35121154785156
658,2015-01-13,176.8523712158203
659,2015-01-14,175.7847137451172
660,2015-01-15,174.1743621826172
661,2015-01-16,176.4585418701172
662,2015-01-20,176.8348388671875
663,2015-01-21,177.72747802734375
664,2015-01-22,180.37046813964844
665,2015-01-23,179.3815460205078
666,2015-01-26,179.80165100097656
667,2015-01-27,177.42994689941406
668,2015-01-28,175.154541015625
669,2015-01-29,176.7736358642578
670,2015-01-30,174.55067443847656
671,2015-02-02,176.7123260498047
672,2015-02-03,179.26779174804688
673,2015-02-04,178.5851593017578
674,2015-02-05,180.3880157470703
675,2015-02-06,179.88914489746094
676,2015-02-09,179.083984375
677,2015-02-10,180.99183654785156
678,2015-02-11,181.09689331054688
679,2015-02-12,182.83847045898438
680,2015-02-13,183.59107971191406
681,2015-02-17,183.87991333007812
682,2015-02-18,183.8973846435547
683,2015-02-19,183.7661895751953
684,2015-02-20,184.86883544921875
685,2015-02-23,184.84259033203125
686,2015-02-24,185.36767578125
687,2015-02-25,185.2101287841797
688,2015-02-26,184.9913787841797
689,2015-02-27,184.36123657226562
690,2015-03-02,185.5251922607422
691,2015-03-03,184.76376342773438
692,2015-03-04,183.9849090576172
693,2015-03-05,184.18618774414062
694,2015-03-06,181.595703125
695,2015-03-09,182.34835815429688
696,2015-03-10,179.3903045654297
697,2015-03-11,178.97024536132812
698,2015-03-12,181.24566650390625
699,2015-03-13,180.1342010498047
700,2015-03-16,182.54090881347656
701,2015-03-17,181.9982452392578
702,2015-03-18,184.18618774414062
703,2015-03-19,183.3460235595703
704,2015-03-20,184.9644012451172
705,2015-03-23,184.60394287109375
706,2015-03-24,183.5666961669922
707,2015-03-25,180.8767547607422
708,2015-03-26,180.44602966308594
709,2015-03-27,180.85919189453125
710,2015-03-30,183.06568908691406
711,2015-03-31,181.4656982421875
712,2015-04-01,180.8240203857422
713,2015-04-02,181.47450256347656
714,2015-04-06,182.6964111328125
715,2015-04-07,182.21290588378906
716,2015-04-08,182.82823181152344
717,2015-04-09,183.6370086669922
718,2015-04-10,184.63914489746094
719,2015-04-13,183.80404663085938
720,2015-04-14,184.15565490722656
721,2015-04-15,184.98196411132812
722,2015-04-16,184.92926025390625
723,2015-04-17,182.8018798828125
724,2015-04-20,184.47215270996094
725,2015-04-21,184.2523956298828
726,2015-04-22,185.15782165527344
727,2015-04-23,185.6237335205078
728,2015-04-24,186.05445861816406
729,2015-04-27,185.2808837890625
730,2015-04-28,185.86985778808594
731,2015-04-29,185.10504150390625
732,2015-04-30,183.25021362304688
733,2015-05-01,185.23690795898438
734,2015-05-04,185.76438903808594
735,2015-05-05,183.6370086669922
736,2015-05-06,182.88099670410156
737,2015-05-07,183.6106414794922
738,2015-05-08,186.02804565429688
739,2015-05-11,185.1402130126953
740,2015-05-12,184.58648681640625
741,2015-05-13,184.62155151367188
742,2015-05-14,186.54672241210938
743,2015-05-15,186.74891662597656
744,2015-05-18,187.32908630371094
745,2015-05-19,187.267578125
746,2015-05-20,187.1356964111328
747,2015-05-21,187.68069458007812
748,2015-05-22,187.23239135742188
749,2015-05-26,185.2193603515625
750,2015-05-27,186.97747802734375
751,2015-05-28,186.76651000976562
752,2015-05-29,185.6061553955078
753,2015-06-01,185.98414611816406
754,2015-06-02,185.7995147705078
755,2015-06-03,186.29177856445312
756,2015-06-04,184.71824645996094
757,2015-06-05,184.4018096923828
758,2015-06-08,183.2677764892578
759,2015-06-09,183.2414093017578
760,2015-06-10,185.4390869140625
761,2015-06-11,186.03684997558594
762,2015-06-12,184.61276245117188
763,2015-06-15,183.8215789794922
764,2015-06-16,184.82374572753906
765,2015-06-17,185.12265014648438
766,2015-06-18,187.04782104492188
767,2015-06-19,186.2174530029297
768,2015-06-22,187.17149353027344
769,2015-06-23,187.30392456054688
770,2015-06-24,185.9436492919922
771,2015-06-25,185.3782501220703
772,2015-06-26,185.3429412841797
773,2015-06-29,181.45623779296875
774,2015-06-30,181.83607482910156
775,2015-07-01,183.2935791015625
776,2015-07-02,183.125732421875
777,2015-07-06,182.6045684814453
778,2015-07-07,183.75291442871094
779,2015-07-08,180.67005920410156
780,2015-07-09,180.9969024658203
781,2015-07-10,183.27590942382812
782,2015-07-13,185.2987823486328
783,2015-07-14,186.10260009765625
784,2015-07-15,186.0408172607422
785,2015-07-16,187.53366088867188
786,2015-07-17,187.692626953125
787,2015-07-20,187.78977966308594
788,2015-07-21,187.0478057861328
789,2015-07-22,186.71214294433594
790,2015-07-23,185.66091918945312
791,2015-07-24,183.73526000976562
792,2015-07-27,182.66641235351562
793,2015-07-28,184.91006469726562
794,2015-07-29,186.18211364746094
795,2015-07-30,186.2262420654297
796,2015-07-31,185.9436492919922
797,2015-08-03,185.31643676757812
798,2015-08-04,184.9542694091797
799,2015-08-05,185.56378173828125
800,2015-08-06,184.04443359375
801,2015-08-07,183.6911163330078
802,2015-08-10,186.00543212890625
803,2015-08-11,184.32711791992188
804,2015-08-12,184.54794311523438
805,2015-08-13,184.31826782226562
806,2015-08-14,184.98960876464844
807,2015-08-17,186.02310180664062
808,2015-08-18,185.4842987060547
809,2015-08-19,184.0179443359375
810,2015-08-20,180.1753692626953
811,2015-08-21,174.75160217285156
812,2015-08-24,167.39344787597656
813,2015-08-25,165.42355346679688
814,2015-08-26,171.77481079101562
815,2015-08-27,176.02371215820312
816,2015-08-28,176.03253173828125
817,2015-08-31,174.61032104492188
818,2015-09-01,169.3986053466797
819,2015-09-02,172.61399841308594
820,2015-09-03,172.7376251220703
821,2015-09-04,170.12295532226562
822,2015-09-08,174.39834594726562
823,2015-09-09,172.0662841796875
824,2015-09-10,173.00265502929688
825,2015-09-11,173.78883361816406
826,2015-09-14,173.14395141601562
827,2015-09-15,175.30816650390625
828,2015-09-16,176.82749938964844
829,2015-09-17,176.43003845214844
830,2015-09-18,173.54685974121094
831,2015-09-21,174.44371032714844
832,2015-09-22,172.17947387695312
833,2015-09-23,171.90419006347656
834,2015-09-24,171.28265380859375
835,2015-09-25,171.2382354736328
836,2015-09-28,166.94065856933594
837,2015-09-29,167.038330078125
838,2015-09-30,170.15496826171875
839,2015-10-01,170.5989532470703
840,2015-10-02,173.14732360839844
841,2015-10-05,176.22848510742188
842,2015-10-06,175.62461853027344
843,2015-10-07,177.06312561035156
844,2015-10-08,178.66140747070312
845,2015-10-09,178.7678985595703
846,2015-10-12,178.93666076660156
847,2015-10-13,177.8089599609375
848,2015-10-14,176.95657348632812
849,2015-10-15,179.67361450195312
850,2015-10-16,180.49053955078125
851,2015-10-19,180.57928466796875
852,2015-10-20,180.34849548339844
853,2015-10-21,179.22976684570312
854,2015-10-22,182.25755310058594
855,2015-10-23,184.25535583496094
856,2015-10-26,183.802490234375
857,2015-10-27,183.44735717773438
858,2015-10-28,185.53399658203125
859,2015-10-29,185.42742919921875
860,2015-10-30,184.6282958984375
861,2015-11-02,186.81265258789062
862,2015-11-03,187.35427856445312
863,2015-11-04,186.7860107421875
864,2015-11-05,186.5995330810547
865,2015-11-06,186.50181579589844
866,2015-11-09,184.761474609375
867,2015-11-10,185.18775939941406
868,2015-11-11,184.45956420898438
869,2015-11-12,181.88458251953125
870,2015-11-13,179.84231567382812
871,2015-11-16,182.57717895507812
872,2015-11-17,182.4440155029297
873,2015-11-18,185.33865356445312
874,2015-11-19,185.17884826660156
875,2015-11-20,185.8536376953125
876,2015-11-23,185.6405792236328
877,2015-11-24,185.8892364501953
878,2015-11-25,185.862548828125
879,2015-11-27,186.07565307617188
880,2015-11-30,185.3031768798828
881,2015-12-01,187.0701141357422
882,2015-12-02,185.16107177734375
883,2015-12-03,182.5683135986328
884,2015-12-04,186.12892150878906
885,2015-12-07,185.00128173828125
886,2015-12-08,183.7581329345703
887,2015-12-09,182.3285675048828
888,2015-12-10,182.7991485595703
889,2015-12-11,179.25628662109375
890,2015-12-14,180.1619873046875
891,2015-12-15,182.0532989501953
892,2015-12-16,184.7170867919922
893,2015-12-17,181.90235900878906
894,2015-12-18,178.66175842285156
895,2015-12-21,180.1355743408203
896,2015-12-22,181.77015686035156
897,2015-12-23,184.02108764648438
898,2015-12-24,183.71737670898438
899,2015-12-28,183.29757690429688
900,2015-12-29,185.25372314453125
901,2015-12-30,183.940673828125
902,2015-12-31,182.10064697265625
903,2016-01-04,179.55499267578125
904,2016-01-05,179.85867309570312
905,2016-01-06,177.5898895263672
906,2016-01-07,173.32923889160156
907,2016-01-08,171.42666625976562
908,2016-01-11,171.5963897705078
909,2016-01-12,172.98089599609375
910,2016-01-13,168.66664123535156
911,2016-01-14,171.43560791015625
912,2016-01-15,167.75552368164062
913,2016-01-19,167.97885131835938
914,2016-01-20,165.82620239257812
915,2016-01-21,166.75511169433594
916,2016-01-22,170.1761932373047
917,2016-01-25,167.6036834716797
918,2016-01-26,169.89031982421875
919,2016-01-27,168.0413818359375
920,2016-01-28,168.91676330566406
921,2016-01-29,173.03445434570312
922,2016-02-01,172.97195434570312
923,2016-02-02,169.8546142578125
924,2016-02-03,170.87289428710938
925,2016-02-04,171.1408233642578
926,2016-02-05,167.88055419921875
927,2016-02-08,165.6207733154297
928,2016-02-09,165.62966918945312
929,2016-02-10,165.48678588867188
930,2016-02-11,163.33407592773438
931,2016-02-12,166.7014923095703
932,2016-02-16,169.51519775390625
933,2016-02-17,172.2841796875
934,2016-02-18,171.57850646972656
935,2016-02-19,171.49813842773438
936,2016-02-22,173.98126220703125
937,2016-02-23,171.78396606445312
938,2016-02-24,172.56997680664062
939,2016-02-25,174.66012573242188
940,2016-02-26,174.25816345214844
941,2016-02-29,172.8915557861328
942,2016-03-01,176.95567321777344
943,2016-03-02,177.75064086914062
944,2016-03-03,178.44740295410156
945,2016-03-04,179.02796936035156
946,2016-03-07,179.17086791992188
947,2016-03-08,177.21475219726562
948,2016-03-09,178.09011840820312
949,2016-03-10,178.23300170898438
950,2016-03-11,181.10919189453125
951,2016-03-14,180.876953125
952,2016-03-15,180.58212280273438
953,2016-03-16,181.62725830078125
954,2016-03-17,182.7794952392578
955,2016-03-18,183.49777221679688
956,2016-03-21,183.7581329345703
957,2016-03-22,183.65936279296875
958,2016-03-23,182.44732666015625
959,2016-03-24,182.36647033691406
960,2016-03-28,182.47422790527344
961,2016-03-29,184.16212463378906
962,2016-03-30,184.97019958496094
963,2016-03-31,184.5212860107422
964,2016-04-01,185.77818298339844
965,2016-04-04,185.17665100097656
966,2016-04-05,183.32717895507812
967,2016-04-06,185.3292999267578
968,2016-04-07,183.11167907714844
969,2016-04-08,183.60548400878906
970,2016-04-11,183.1744842529297
971,2016-04-12,184.88038635253906
972,2016-04-13,186.74789428710938
973,2016-04-14,186.7568359375
974,2016-04-15,186.5503692626953
975,2016-04-18,187.86119079589844
976,2016-04-19,188.45376586914062
977,2016-04-20,188.63331604003906
978,2016-04-21,187.61878967285156
979,2016-04-22,187.61878967285156
980,2016-04-25,187.29556274414062
981,2016-04-26,187.5738983154297
982,2016-04-27,187.95997619628906
983,2016-04-28,186.25408935546875
984,2016-04-29,185.2484893798828
985,2016-05-02,186.72091674804688
986,2016-05-03,185.09585571289062
987,2016-05-04,184.0633544921875
988,2016-05-05,184.02749633789062
989,2016-05-06,184.70086669921875
990,2016-05-09,184.85348510742188
991,2016-05-10,187.1519012451172
992,2016-05-11,185.401123046875
993,2016-05-12,185.45504760742188
994,2016-05-13,183.83889770507812
995,2016-05-16,185.6525115966797
996,2016-05-17,183.91973876953125
997,2016-05-18,183.9735870361328
998,2016-05-19,183.33612060546875
999,2016-05-20,184.49432373046875
1000,2016-05-23,184.242919921875
1001,2016-05-24,186.63111877441406
1002,2016-05-25,187.89706420898438
1003,2016-05-26,187.95095825195312
1004,2016-05-27,188.75901794433594
1005,2016-05-31,188.39988708496094
1006,2016-06-01,188.7859649658203
1007,2016-06-02,189.3605194091797
1008,2016-06-03,188.794921875
1009,2016-06-06,189.75559997558594
1010,2016-06-07,190.0518798828125
1011,2016-06-08,190.67137145996094
1012,2016-06-09,190.41104125976562
1013,2016-06-10,188.60633850097656
1014,2016-06-13,187.1519012451172
1015,2016-06-14,186.78378295898438
1016,2016-06-15,186.52340698242188
1017,2016-06-16,187.08006286621094
1018,2016-06-17,186.3833770751953
1019,2016-06-20,187.58364868164062
1020,2016-06-21,188.11614990234375
1021,2016-06-22,187.80931091308594
1022,2016-06-23,190.2550506591797
1023,2016-06-24,183.42320251464844
1024,2016-06-27,180.1381072998047
1025,2016-06-28,183.38706970214844
1026,2016-06-29,186.50970458984375
1027,2016-06-30,189.05474853515625
1028,2016-07-01,189.45184326171875
1029,2016-07-05,188.08908081054688
1030,2016-07-06,189.2171630859375
1031,2016-07-07,189.09986877441406
1032,2016-07-08,191.9156494140625
1033,2016-07-11,192.59251403808594
1034,2016-07-12,193.99136352539062
1035,2016-07-13,193.96432495117188
1036,2016-07-14,195.0473175048828
1037,2016-07-15,194.78555297851562
1038,2016-07-18,195.3090362548828
1039,2016-07-19,195.1105194091797
1040,2016-07-20,195.9227294921875
1041,2016-07-21,195.18267822265625
1042,2016-07-22,196.05813598632812
1043,2016-07-25,195.525634765625
1044,2016-07-26,195.6158905029297
1045,2016-07-27,195.40829467773438
1046,2016-07-28,195.63389587402344
1047,2016-07-29,195.94981384277344
1048,2016-08-01,195.787353515625
1049,2016-08-02,194.53289794921875
1050,2016-08-03,195.10145568847656
1051,2016-08-04,195.3090362548828
1052,2016-08-05,196.90647888183594
1053,2016-08-08,196.7891387939453
1054,2016-08-09,196.90647888183594
1055,2016-08-10,196.4191131591797
1056,2016-08-11,197.33062744140625
1057,2016-08-12,197.15916442871094
1058,2016-08-15,197.7277069091797
1059,2016-08-16,196.7079315185547
1060,2016-08-17,197.07794189453125
1061,2016-08-18,197.5201416015625
1062,2016-08-19,197.23133850097656
1063,2016-08-22,197.2223358154297
1064,2016-08-23,197.6194610595703
1065,2016-08-24,196.60858154296875
1066,2016-08-25,196.47328186035156
1067,2016-08-26,196.1032257080078
1068,2016-08-29,197.0689239501953
1069,2016-08-30,196.7440185546875
1070,2016-08-31,196.18446350097656
1071,2016-09-01,196.19346618652344
1072,2016-09-02,197.07794189453125
1073,2016-09-06,197.67356872558594
1074,2016-09-07,197.655517578125
1075,2016-09-08,197.2042999267578
1076,2016-09-09,192.48422241210938
1077,2016-09-12,195.24586486816406
1078,2016-09-13,192.4390869140625
1079,2016-09-14,192.36691284179688
1080,2016-09-15,194.28921508789062
1081,2016-09-16,193.53814697265625
1082,2016-09-19,193.57447814941406
1083,2016-09-20,193.5835418701172
1084,2016-09-21,195.7604522705078
1085,2016-09-22,196.99403381347656
1086,2016-09-23,195.91465759277344
1087,2016-09-26,194.32733154296875
1088,2016-09-27,195.53367614746094
1089,2016-09-28,196.50425720214844
1090,2016-09-29,194.7263946533203
1091,2016-09-30,196.1958465576172
1092,2016-10-03,195.72421264648438
1093,2016-10-04,194.7263946533203
1094,2016-10-05,195.58810424804688
1095,2016-10-06,195.72421264648438
1096,2016-10-07,195.05291748046875
1097,2016-10-10,196.06887817382812
1098,2016-10-11,193.59259033203125
1099,2016-10-12,193.84661865234375
1100,2016-10-13,193.2116241455078
1101,2016-10-14,193.3114013671875
1102,2016-10-17,192.6401824951172
1103,2016-10-18,193.84661865234375
1104,2016-10-19,194.36361694335938
1105,2016-10-20,194.0007781982422
1106,2016-10-21,194.09149169921875
1107,2016-10-24,194.91685485839844
1108,2016-10-25,194.26382446289062
1109,2016-10-26,193.873779296875
1110,2016-10-27,193.35678100585938
1111,2016-10-28,192.7853240966797
1112,2016-10-31,192.79434204101562
1113,2016-11-01,191.3975067138672
1114,2016-11-02,190.24554443359375
1115,2016-11-03,189.37478637695312
1116,2016-11-04,189.1661834716797
1117,2016-11-07,193.33863830566406
1118,2016-11-08,194.2094268798828
1119,2016-11-09,196.2684326171875
1120,2016-11-10,196.75819396972656
1121,2016-11-11,196.30467224121094
1122,2016-11-14,196.45883178710938
1123,2016-11-15,197.99179077148438
1124,2016-11-16,197.61990356445312
1125,2016-11-17,198.63583374023438
1126,2016-11-18,198.1913604736328
1127,2016-11-21,199.68800354003906
1128,2016-11-22,200.07801818847656
1129,2016-11-23,200.1868896484375
1130,2016-11-25,200.93064880371094
1131,2016-11-28,199.9873046875
1132,2016-11-29,200.3773651123047
1133,2016-11-30,199.89662170410156
1134,2016-12-01,199.1619110107422
1135,2016-12-02,199.2616729736328
1136,2016-12-05,200.458984375
1137,2016-12-06,201.09393310546875
1138,2016-12-07,203.7244110107422
1139,2016-12-08,204.22328186035156
1140,2016-12-09,205.45681762695312
1141,2016-12-12,205.22105407714844
1142,2016-12-13,206.59068298339844
1143,2016-12-14,204.8854217529297
1144,2016-12-15,205.7289581298828
1145,2016-12-16,205.32664489746094
1146,2016-12-19,205.77369689941406
1147,2016-12-20,206.56748962402344
1148,2016-12-21,205.99267578125
1149,2016-12-22,205.6368408203125
1150,2016-12-23,205.9379425048828
1151,2016-12-27,206.4488525390625
1152,2016-12-28,204.74266052246094
1153,2016-12-29,204.6970977783203
1154,2016-12-30,203.94891357421875
1155,2017-01-03,205.5091094970703
1156,2017-01-04,206.73171997070312
1157,2017-01-05,206.56748962402344
1158,2017-01-06,207.30650329589844
1159,2017-01-09,206.6221923828125
1160,2017-01-10,206.6221923828125
1161,2017-01-11,207.2061767578125
1162,2017-01-12,206.68609619140625
1163,2017-01-13,207.16049194335938
1164,2017-01-17,206.4306182861328
1165,2017-01-18,206.88681030273438
1166,2017-01-19,206.12042236328125
1167,2017-01-20,206.877685546875
1168,2017-01-23,206.33938598632812
1169,2017-01-24,207.66238403320312
1170,2017-01-25,209.4597930908203
1171,2017-01-26,209.2407989501953
1172,2017-01-27,208.91233825683594
1173,2017-01-30,207.61668395996094
1174,2017-01-31,207.5985107421875
1175,2017-02-01,207.68055725097656
1176,2017-02-02,207.81748962402344
1177,2017-02-03,209.24996948242188
1178,2017-02-06,208.87588500976562
1179,2017-02-07,208.8849639892578
1180,2017-02-08,209.15869140625
1181,2017-02-09,210.39955139160156
1182,2017-02-10,211.22982788085938
1183,2017-02-13,212.37950134277344
1184,2017-02-14,213.22801208496094
1185,2017-02-15,214.3411102294922
1186,2017-02-16,214.15867614746094
1187,2017-02-17,214.49624633789062
1188,2017-02-21,215.7736053466797
1189,2017-02-22,215.5819854736328
1190,2017-02-23,215.72793579101562
1191,2017-02-24,216.00169372558594
1192,2017-02-27,216.3393096923828
1193,2017-02-28,215.75534057617188
1194,2017-03-01,218.77537536621094
1195,2017-03-02,217.39768981933594
1196,2017-03-03,217.5345001220703
1197,2017-03-06,216.88673400878906
1198,2017-03-07,216.23890686035156
1199,2017-03-08,215.8374481201172
1200,2017-03-09,216.11117553710938
1201,2017-03-10,216.86849975585938
1202,2017-03-13,216.97793579101562
1203,2017-03-14,216.14767456054688
1204,2017-03-15,218.01812744140625
1205,2017-03-16,217.5892791748047
1206,2017-03-17,217.2071075439453
1207,2017-03-20,216.96890258789062
1208,2017-03-21,214.18312072753906
1209,2017-03-22,214.68711853027344
1210,2017-03-23,214.45802307128906
1211,2017-03-24,214.30227661132812
1212,2017-03-27,214.08230590820312
1213,2017-03-28,215.64016723632812
1214,2017-03-29,215.84176635742188
1215,2017-03-30,216.52903747558594
1216,2017-03-31,216.02503967285156
1217,2017-04-03,215.64932250976562
1218,2017-04-04,215.78680419921875
1219,2017-04-05,215.1453094482422
1220,2017-04-06,215.75010681152344
1221,2017-04-07,215.5301971435547
1222,2017-04-10,215.658447265625
1223,2017-04-11,215.4019012451172
1224,2017-04-12,214.45802307128906
1225,2017-04-13,213.0651397705078
1226,2017-04-17,214.952880859375
1227,2017-04-18,214.31141662597656
1228,2017-04-19,213.91737365722656
1229,2017-04-20,215.658447265625
1230,2017-04-21,214.97119140625
1231,2017-04-24,217.33541870117188
1232,2017-04-25,218.60000610351562
1233,2017-04-26,218.46255493164062
1234,2017-04-27,218.64585876464844
1235,2017-04-28,218.16932678222656
1236,2017-05-01,218.71914672851562
1237,2017-05-02,218.8016357421875
1238,2017-05-03,218.535888671875
1239,2017-05-04,218.79249572753906
1240,2017-05-05,219.6538543701172
1241,2017-05-08,219.61720275878906
1242,2017-05-09,219.41558837890625
1243,2017-05-10,219.8096160888672
1244,2017-05-11,219.36061096191406
1245,2017-05-12,218.9940643310547
1246,2017-05-15,220.2036895751953
1247,2017-05-16,220.00204467773438
1248,2017-05-17,216.0983428955078
1249,2017-05-18,216.96890258789062
1250,2017-05-19,218.3800811767578
1251,2017-05-22,219.4889373779297
1252,2017-05-23,219.97457885742188
1253,2017-05-24,220.4877471923828
1254,2017-05-25,221.5415802001953
1255,2017-05-26,221.49575805664062
1256,2017-05-30,221.3032989501953
1257,2017-05-31,221.24830627441406
1258,2017-06-01,223.0077667236328
1259,2017-06-02,223.7500457763672
1260,2017-06-05,223.58509826660156
1261,2017-06-06,222.8703155517578
1262,2017-06-07,223.28268432617188
1263,2017-06-08,223.3926544189453
1264,2017-06-09,223.05361938476562
1265,2017-06-12,223.0077667236328
1266,2017-06-13,224.0982666015625
1267,2017-06-14,223.8141632080078
1268,2017-06-15,223.3834991455078
1269,2017-06-16,223.4322967529297
1270,2017-06-19,225.2923583984375
1271,2017-06-20,223.77301025390625
1272,2017-06-21,223.71775817871094
1273,2017-06-22,223.616455078125
1274,2017-06-23,223.88352966308594
1275,2017-06-26,224.03082275390625
1276,2017-06-27,222.22596740722656
1277,2017-06-28,224.2150115966797
1278,2017-06-29,222.24440002441406
1279,2017-06-30,222.6587677001953
1280,2017-07-03,223.0363311767578
1281,2017-07-05,223.552001953125
1282,2017-07-06,221.50770568847656
1283,2017-07-07,222.94422912597656
1284,2017-07-10,223.18365478515625
1285,2017-07-11,223.0178985595703
1286,2017-07-12,224.69381713867188
1287,2017-07-13,225.0713653564453
1288,2017-07-14,226.12115478515625
1289,2017-07-17,226.09353637695312
1290,2017-07-18,226.21324157714844
1291,2017-07-19,227.43789672851562
1292,2017-07-20,227.53924560546875
1293,2017-07-21,227.336669921875
1294,2017-07-24,227.2814178466797
1295,2017-07-25,227.83389282226562
1296,2017-07-26,227.84307861328125
1297,2017-07-27,227.63128662109375
1298,2017-07-28,227.36427307128906
1299,2017-07-31,227.23536682128906
1300,2017-08-01,227.74180603027344
1301,2017-08-02,227.8523406982422
1302,2017-08-03,227.41030883789062
1303,2017-08-04,227.82470703125
1304,2017-08-07,228.248291015625
1305,2017-08-08,227.68655395507812
1306,2017-08-09,227.67735290527344
1307,2017-08-10,224.46365356445312
1308,2017-08-11,224.79513549804688
1309,2017-08-14,227.02354431152344
1310,2017-08-15,226.99591064453125
1311,2017-08-16,227.39186096191406
1312,2017-08-17,223.8466796875
1313,2017-08-18,223.4967498779297
1314,2017-08-21,223.67172241210938
1315,2017-08-22,226.01063537597656
1316,2017-08-23,225.20033264160156
1317,2017-08-24,224.67543029785156
1318,2017-08-25,225.20033264160156
1319,2017-08-28,225.20948791503906
1320,2017-08-29,225.46734619140625
1321,2017-08-30,226.53550720214844
1322,2017-08-31,227.89837646484375
1323,2017-09-01,228.2206573486328
1324,2017-09-05,226.58157348632812
1325,2017-09-06,227.35504150390625
1326,2017-09-07,227.32737731933594
1327,2017-09-08,227.06036376953125
1328,2017-09-11,229.48223876953125
1329,2017-09-12,230.2556915283203
1330,2017-09-13,230.36619567871094
1331,2017-09-14,230.2925567626953
1332,2017-09-15,230.6025848388672
1333,2017-09-18,231.09303283691406
1334,2017-09-19,231.3243865966797
1335,2017-09-20,231.4076690673828
1336,2017-09-21,230.7876434326172
1337,2017-09-22,230.8339080810547
1338,2017-09-25,230.36192321777344
1339,2017-09-26,230.50076293945312
1340,2017-09-27,231.39840698242188
1341,2017-09-28,231.67605590820312
1342,2017-09-29,232.4903564453125
1343,2017-10-02,233.4990692138672
1344,2017-10-03,233.998779296875
1345,2017-10-04,234.27642822265625
1346,2017-10-05,235.66455078125
1347,2017-10-06,235.3961639404297
1348,2017-10-09,235.00747680664062
1349,2017-10-10,235.6275177001953
1350,2017-10-11,235.9976806640625
1351,2017-10-12,235.64602661132812
1352,2017-10-13,235.93289184570312
1353,2017-10-16,236.24754333496094
1354,2017-10-17,236.4141387939453
1355,2017-10-18,236.6454620361328
1356,2017-10-19,236.7102508544922
1357,2017-10-20,237.93179321289062
1358,2017-10-23,237.00636291503906
1359,2017-10-24,237.42279052734375
1360,2017-10-25,236.24754333496094
1361,2017-10-26,236.5529327392578
1362,2017-10-27,238.48703002929688
1363,2017-10-30,237.59860229492188
1364,2017-10-31,237.96876525878906
1365,2017-11-01,238.28346252441406
1366,2017-11-02,238.37599182128906
1367,2017-11-03,239.17184448242188
1368,2017-11-06,239.54200744628906
1369,2017-11-07,239.37542724609375
1370,2017-11-08,239.78260803222656
1371,2017-11-09,238.91275024414062
1372,2017-11-10,238.83868408203125
1373,2017-11-13,239.0607452392578
1374,2017-11-14,238.5055694580078
1375,2017-11-15,237.311767578125
1376,2017-11-16,239.32913208007812
1377,2017-11-17,238.6258544921875
1378,2017-11-20,239.03302001953125
1379,2017-11-21,240.59693908691406
1380,2017-11-22,240.38417053222656
1381,2017-11-24,240.93934631347656
1382,2017-11-27,240.8190460205078
1383,2017-11-28,243.26214599609375
1384,2017-11-29,243.11404418945312
1385,2017-11-30,245.24253845214844
1386,2017-12-01,244.7335662841797
1387,2017-12-04,244.4373779296875
1388,2017-12-05,243.55825805664062
1389,2017-12-06,243.6045379638672
1390,2017-12-07,244.3726043701172
1391,2017-12-08,245.70523071289062
1392,2017-12-11,246.445556640625
1393,2017-12-12,246.8804473876953
1394,2017-12-13,246.8527374267578
1395,2017-12-14,245.84397888183594
1396,2017-12-15,247.8912353515625
1397,2017-12-18,249.46322631835938
1398,2017-12-19,248.50514221191406
1399,2017-12-20,248.3749237060547
1400,2017-12-21,248.886474609375
1401,2017-12-22,248.8214569091797
1402,2017-12-26,248.52378845214844
1403,2017-12-27,248.64466857910156
1404,2017-12-28,249.15625
1405,2017-12-29,248.21678161621094
1406,2018-01-02,249.993408203125
1407,2018-01-03,251.5746307373047
1408,2018-01-04,252.6349639892578
1409,2018-01-05,254.31854248046875
1410,2018-01-08,254.7835693359375
1411,2018-01-09,255.36033630371094
1412,2018-01-10,254.96957397460938
1413,2018-01-11,256.8299255371094
1414,2018-01-12,258.504150390625
1415,2018-01-16,257.6205139160156
1416,2018-01-17,260.07611083984375
1417,2018-01-18,259.638916015625
1418,2018-01-19,260.82025146484375
1419,2018-01-22,262.94091796875
1420,2018-01-23,263.4989929199219
1421,2018-01-24,263.3966979980469
1422,2018-01-25,263.5082702636719
1423,2018-01-26,266.5591125488281
1424,2018-01-29,264.7919006347656
1425,2018-01-30,262.0758361816406
1426,2018-01-31,262.2060852050781
1427,2018-02-01,261.908447265625
1428,2018-02-02,256.20672607421875
1429,2018-02-05,245.49148559570312
1430,2018-02-06,250.32826232910156
1431,2018-02-07,248.97024536132812
1432,2018-02-08,239.6316375732422
1433,2018-02-09,243.23129272460938
1434,2018-02-12,246.80300903320312
1435,2018-02-13,247.41693115234375
1436,2018-02-14,250.756103515625
1437,2018-02-15,253.95578002929688
1438,2018-02-16,254.0301513671875
1439,2018-02-20,252.439697265625
1440,2018-02-21,251.18392944335938
1441,2018-02-22,251.5094757080078
1442,2018-02-23,255.51840209960938
1443,2018-02-26,258.48553466796875
1444,2018-02-27,255.25802612304688
1445,2018-02-28,252.6721954345703
1446,2018-03-01,248.99813842773438
1447,2018-03-02,250.28172302246094
1448,2018-03-05,253.1744384765625
1449,2018-03-06,253.81629943847656
1450,2018-03-07,253.72325134277344
1451,2018-03-08,254.95101928710938
1452,2018-03-09,259.38775634765625
1453,2018-03-12,259.06219482421875
1454,2018-03-13,257.38800048828125
1455,2018-03-14,256.0671691894531
1456,2018-03-15,255.7881317138672
1457,2018-03-16,256.06549072265625
1458,2018-03-19,252.60092163085938
1459,2018-03-20,253.03050231933594
1460,2018-03-21,252.5448455810547
1461,2018-03-22,246.23194885253906
1462,2018-03-23,240.9835968017578
1463,2018-03-26,247.57666015625
1464,2018-03-27,243.3649444580078
1465,2018-03-28,242.64590454101562
1466,2018-03-29,245.74632263183594
1467,2018-04-02,240.4419708251953
1468,2018-04-03,243.52366638183594
1469,2018-04-04,246.12916564941406
1470,2018-04-05,248.0715789794922
1471,2018-04-06,242.5431671142578
1472,2018-04-09,243.73851013183594
1473,2018-04-10,247.61404418945312
1474,2018-04-11,246.31593322753906
1475,2018-04-12,248.34242248535156
1476,2018-04-13,247.61404418945312
1477,2018-04-16,249.64987182617188
1478,2018-04-17,252.32070922851562
1479,2018-04-18,252.50747680664062
1480,2018-04-19,251.10667419433594
1481,2018-04-20,248.97747802734375
1482,2018-04-23,248.9401397705078
1483,2018-04-24,245.58755493164062
1484,2018-04-25,246.19454956054688
1485,2018-04-26,248.69737243652344
1486,2018-04-27,248.93077087402344
1487,2018-04-30,247.01634216308594
1488,2018-05-01,247.45533752441406
1489,2018-05-02,245.79299926757812
1490,2018-05-03,245.25132751464844
1491,2018-05-04,248.42649841308594
1492,2018-05-07,249.2669677734375
1493,2018-05-08,249.2669677734375
1494,2018-05-09,251.6763916015625
1495,2018-05-10,254.02969360351562
1496,2018-05-11,254.80484008789062
1497,2018-05-14,254.92623901367188
1498,2018-05-15,253.17051696777344
1499,2018-05-16,254.23512268066406
1500,2018-05-17,254.02037048339844
1501,2018-05-18,253.3853302001953
1502,2018-05-21,255.29042053222656
1503,2018-05-22,254.58071899414062
1504,2018-05-23,255.28106689453125
1505,2018-05-24,254.75807189941406
1506,2018-05-25,254.1510772705078
1507,2018-05-29,251.2280731201172
1508,2018-05-30,254.58071899414062
1509,2018-05-31,253.0210723876953
1510,2018-06-01,255.50521850585938
1511,2018-06-04,256.7192077636719
1512,2018-06-05,256.9060363769531
1513,2018-06-06,259.0538024902344
1514,2018-06-07,259.02587890625
1515,2018-06-08,259.79156494140625
1516,2018-06-11,260.13714599609375
1517,2018-06-12,260.4733581542969
1518,2018-06-13,259.6422119140625
1519,2018-06-14,260.2958679199219
1520,2018-06-15,259.9638671875
1521,2018-06-18,259.4291687011719
1522,2018-06-19,258.4348449707031
1523,2018-06-20,258.8757019042969
1524,2018-06-21,257.25286865234375
1525,2018-06-22,257.7218933105469
1526,2018-06-25,254.2135772705078
1527,2018-06-26,254.7764434814453
1528,2018-06-27,252.66578674316406
1529,2018-06-28,254.11041259765625
1530,2018-06-29,254.4762420654297
1531,2018-07-02,255.02029418945312
1532,2018-07-03,254.11973571777344
1533,2018-07-05,256.1927490234375
1534,2018-07-06,258.3598327636719
1535,2018-07-09,260.6861572265625
1536,2018-07-10,261.6241455078125
1537,2018-07-11,259.7104797363281
1538,2018-07-12,262.0650939941406
1539,2018-07-13,262.27142333984375
1540,2018-07-16,262.0369567871094
1541,2018-07-17,263.0969543457031
1542,2018-07-18,263.6504211425781
1543,2018-07-19,262.65606689453125
1544,2018-07-20,262.35589599609375
1545,2018-07-23,262.8437194824219
1546,2018-07-24,264.1662902832031
1547,2018-07-25,266.4176940917969
1548,2018-07-26,265.78912353515625
1549,2018-07-27,263.9881591796875
1550,2018-07-30,262.6091003417969
1551,2018-07-31,263.9036865234375
1552,2018-08-01,263.4627685546875
1553,2018-08-02,264.89801025390625
1554,2018-08-03,266.0331115722656
1555,2018-08-06,267.0086669921875
1556,2018-08-07,267.8904724121094
1557,2018-08-08,267.77783203125
1558,2018-08-09,267.4119873046875
1559,2018-08-10,265.6203308105469
1560,2018-08-13,264.6260070800781
1561,2018-08-14,266.3144836425781
1562,2018-08-15,264.3258361816406
1563,2018-08-16,266.464599609375
1564,2018-08-17,267.4026184082031
1565,2018-08-20,267.9748229980469
1566,2018-08-21,268.60333251953125
1567,2018-08-22,268.44390869140625
1568,2018-08-23,268.08746337890625
1569,2018-08-24,269.7008361816406
1570,2018-08-27,271.8302917480469
1571,2018-08-28,271.9616394042969
1572,2018-08-29,273.4250183105469
1573,2018-08-30,272.31805419921875
1574,2018-08-31,272.32745361328125
1575,2018-09-04,271.8583679199219
1576,2018-09-05,271.126708984375
1577,2018-09-06,270.31060791015625
1578,2018-09-07,269.7852783203125
1579,2018-09-10,270.2543029785156
1580,2018-09-11,271.14544677734375
1581,2018-09-12,271.2112121582031
1582,2018-09-13,272.815185546875
1583,2018-09-14,272.8621826171875
1584,2018-09-17,271.4175720214844
1585,2018-09-18,272.89019775390625
1586,2018-09-19,273.1810607910156
1587,2018-09-20,275.3948974609375
1588,2018-09-21,275.14324951171875
1589,2018-09-24,274.2292175292969
1590,2018-09-25,273.97479248046875
1591,2018-09-26,273.155029296875
1592,2018-09-27,273.9183044433594
1593,2018-09-28,273.94659423828125
1594,2018-10-01,274.8982849121094
1595,2018-10-02,274.738037109375
1596,2018-10-03,274.8887939453125
1597,2018-10-04,272.7403869628906
1598,2018-10-05,271.21380615234375
1599,2018-10-08,271.21380615234375
1600,2018-10-09,270.8180847167969
1601,2018-10-10,262.24310302734375
1602,2018-10-11,256.4668273925781
1603,2018-10-12,260.0287780761719
1604,2018-10-15,258.5680847167969
1605,2018-10-16,264.22198486328125
1606,2018-10-17,264.2691345214844
1607,2018-10-18,260.4527282714844
1608,2018-10-19,260.31146240234375
1609,2018-10-22,259.1429138183594
1610,2018-10-23,257.82373046875
1611,2018-10-24,250.01205444335938
1612,2018-10-25,254.49742126464844
1613,2018-10-26,250.021484375
1614,2018-10-29,248.6362762451172
1615,2018-10-30,252.3206787109375
1616,2018-10-31,255.01565551757812
1617,2018-11-01,257.7295227050781
1618,2018-11-02,256.20306396484375
1619,2018-11-05,257.6164855957031
1620,2018-11-06,259.2466125488281
1621,2018-11-07,264.7967529296875
1622,2018-11-08,264.316162109375
1623,2018-11-09,261.73431396484375
1624,2018-11-12,256.8437194824219
1625,2018-11-13,256.36322021484375
1626,2018-11-14,254.61053466796875
1627,2018-11-15,257.267822265625
1628,2018-11-16,257.9367980957031
1629,2018-11-19,253.57391357421875
1630,2018-11-20,248.8812713623047
1631,2018-11-21,249.7293701171875
1632,2018-11-23,248.0614471435547
1633,2018-11-26,252.06631469726562
1634,2018-11-27,252.91429138183594
1635,2018-11-28,258.7377624511719
1636,2018-11-29,258.1723937988281
1637,2018-11-30,259.74609375
1638,2018-12-03,263.18548583984375
1639,2018-12-04,254.6575927734375
1640,2018-12-06,254.271240234375
1641,2018-12-07,248.36297607421875
1642,2018-12-10,248.83412170410156
1643,2018-12-11,248.8906707763672
1644,2018-12-12,250.14393615722656
1645,2018-12-13,250.05917358398438
1646,2018-12-14,245.44183349609375
1647,2018-12-17,240.62667846679688
1648,2018-12-18,240.3628387451172
1649,2018-12-19,236.7632598876953
1650,2018-12-20,232.90919494628906
1651,2018-12-21,228.13702392578125
1652,2018-12-24,222.10897827148438
1653,2018-12-26,233.3310089111328
1654,2018-12-27,235.1223602294922
1655,2018-12-28,234.81906127929688
1656,2018-12-31,236.87579345703125
1657,2019-01-02,237.1222381591797
1658,2019-01-03,231.46383666992188
1659,2019-01-04,239.21690368652344
1660,2019-01-07,241.10304260253906
1661,2019-01-08,243.36827087402344
1662,2019-01-09,244.5056610107422
1663,2019-01-10,245.36813354492188
1664,2019-01-11,245.46292114257812
1665,2019-01-14,243.9654083251953
1666,2019-01-15,246.7614288330078
1667,2019-01-16,247.35853576660156
1668,2019-01-17,249.23519897460938
1669,2019-01-18,252.55250549316406
1670,2019-01-22,249.14041137695312
1671,2019-01-23,249.6617431640625
1672,2019-01-24,249.79437255859375
1673,2019-01-25,251.90806579589844
1674,2019-01-28,249.993408203125
1675,2019-01-29,249.6617431640625
1676,2019-01-30,253.61404418945312
1677,2019-01-31,255.84140014648438
1678,2019-02-01,255.964599609375
1679,2019-02-04,257.7654724121094
1680,2019-02-05,258.845947265625
1681,2019-02-06,258.50469970703125
1682,2019-02-07,256.0404968261719
1683,2019-02-08,256.35321044921875
1684,2019-02-11,256.495361328125
1685,2019-02-12,259.79376220703125
1686,2019-02-13,260.6372375488281
1687,2019-02-14,260.0591125488281
1688,2019-02-15,262.89312744140625
1689,2019-02-19,263.3480224609375
1690,2019-02-20,263.8787841796875
1691,2019-02-21,262.9405212402344
1692,2019-02-22,264.5706787109375
1693,2019-02-25,264.9308776855469
1694,2019-02-26,264.7413330078125
1695,2019-02-27,264.6275634765625
1696,2019-02-28,264.1347351074219
1697,2019-03-01,265.7839050292969
1698,2019-03-04,264.8171691894531
1699,2019-03-05,264.4569396972656
1700,2019-03-06,262.8551940917969
1701,2019-03-07,260.6562194824219
1702,2019-03-08,260.13494873046875
1703,2019-03-11,263.9072265625
1704,2019-03-12,264.9024658203125
1705,2019-03-13,266.6559143066406
1706,2019-03-14,266.4852600097656
1707,2019-03-15,267.8018493652344
1708,2019-03-18,268.7728576660156
1709,2019-03-19,268.83953857421875
1710,2019-03-20,268.03033447265625
1711,2019-03-21,271.05767822265625
1712,2019-03-22,265.8408203125
1713,2019-03-25,265.6408386230469
1714,2019-03-26,267.6209411621094
1715,2019-03-27,266.2215270996094
1716,2019-03-28,267.2306213378906
1717,2019-03-29,268.91571044921875
1718,2019-04-01,272.1048278808594
1719,2019-04-02,272.2381591796875
1720,2019-04-03,272.66650390625
1721,2019-04-04,273.3899841308594
1722,2019-04-05,274.7132568359375
1723,2019-04-08,274.9226989746094
1724,2019-04-09,273.5137634277344
1725,2019-04-10,274.4466857910156
1726,2019-04-11,274.37054443359375
1727,2019-04-12,276.2269592285156
1728,2019-04-15,276.0460510253906
1729,2019-04-16,276.2269592285156
1730,2019-04-17,275.55096435546875
1731,2019-04-18,276.0935974121094
1732,2019-04-22,276.33160400390625
1733,2019-04-23,278.8163146972656
1734,2019-04-24,278.1975402832031
1735,2019-04-25,278.0261535644531
1736,2019-04-26,279.32086181640625
1737,2019-04-29,279.7587890625
1738,2019-04-30,279.90155029296875
1739,2019-05-01,277.7976379394531
1740,2019-05-02,277.1978454589844
1741,2019-05-03,279.91107177734375
1742,2019-05-06,278.75921630859375
1743,2019-05-07,274.10400390625
1744,2019-05-08,273.7231750488281
1745,2019-05-09,272.89495849609375
1746,2019-05-10,274.26580810546875
1747,2019-05-13,267.3734436035156
1748,2019-05-14,269.79144287109375
1749,2019-05-15,271.3717956542969
1750,2019-05-16,273.885009765625
1751,2019-05-17,272.11431884765625
1752,2019-05-20,270.3150939941406
1753,2019-05-21,272.752197265625
1754,2019-05-22,271.9143981933594
1755,2019-05-23,268.5920715332031
1756,2019-05-24,269.2012634277344
1757,2019-05-28,266.69757080078125
1758,2019-05-29,264.9078063964844
1759,2019-05-30,265.63134765625
1760,2019-05-31,262.0519104003906
1761,2019-06-03,261.38555908203125
1762,2019-06-04,267.0593566894531
1763,2019-06-05,269.37255859375
1764,2019-06-06,271.124267578125
1765,2019-06-07,273.83740234375
1766,2019-06-10,275.09405517578125
1767,2019-06-11,275.02740478515625
1768,2019-06-12,274.54193115234375
1769,2019-06-13,275.6748046875
1770,2019-06-14,275.3701477050781
1771,2019-06-17,275.4748229980469
1772,2019-06-18,278.359375
1773,2019-06-19,278.9876403808594
1774,2019-06-20,281.65313720703125
1775,2019-06-21,281.2438049316406
1776,2019-06-24,280.8994445800781
1777,2019-06-25,278.14434814453125
1778,2019-06-26,277.86688232421875
1779,2019-06-27,278.8522644042969
1780,2019-06-28,280.28717041015625
1781,2019-07-01,282.8317565917969
1782,2019-07-02,283.56829833984375
1783,2019-07-03,285.8355407714844
1784,2019-07-05,285.51025390625
1785,2019-07-08,283.9414367675781
1786,2019-07-09,284.29534912109375
1787,2019-07-10,285.6536865234375
1788,2019-07-11,286.3233642578125
1789,2019-07-12,287.6051940917969
1790,2019-07-15,287.7008972167969
1791,2019-07-16,286.77301025390625
1792,2019-07-17,284.8214416503906
1793,2019-07-18,285.8641662597656
1794,2019-07-19,284.2762451171875
1795,2019-07-22,284.97454833984375
1796,2019-07-23,287.0121154785156
1797,2019-07-24,288.3609619140625
1798,2019-07-25,286.9834899902344
1799,2019-07-26,288.9062194824219
1800,2019-07-29,288.380126953125
1801,2019-07-30,287.6722106933594
1802,2019-07-31,284.5249938964844
1803,2019-08-01,282.04730224609375
1804,2019-08-02,279.92364501953125
1805,2019-08-05,271.5054931640625
1806,2019-08-06,275.31280517578125
1807,2019-08-07,275.4754333496094
1808,2019-08-08,280.8802490234375
1809,2019-08-09,278.967041015625
1810,2019-08-12,275.5710754394531
1811,2019-08-13,279.856689453125
1812,2019-08-14,271.5820007324219
1813,2019-08-15,272.2994384765625
1814,2019-08-16,276.31719970703125
1815,2019-08-19,279.6462097167969
1816,2019-08-20,277.50347900390625
1817,2019-08-21,279.760986328125
1818,2019-08-22,279.6749572753906
1819,2019-08-23,272.49078369140625
1820,2019-08-26,275.5040588378906
1821,2019-08-27,274.4231262207031
1822,2019-08-28,276.3554992675781
1823,2019-08-29,279.8854064941406
1824,2019-08-30,279.760986328125
1825,2019-09-03,278.125244140625
1826,2019-09-04,281.28204345703125
1827,2019-09-05,284.8980712890625
1828,2019-09-06,285.1180419921875
1829,2019-09-09,285.2615661621094
1830,2019-09-10,285.1945495605469
1831,2019-09-11,287.2225646972656
1832,2019-09-12,288.2174377441406
1833,2019-09-13,288.02618408203125
1834,2019-09-16,287.1365051269531
1835,2019-09-17,287.8634948730469
1836,2019-09-18,288.0357360839844
1837,2019-09-19,288.01654052734375
1838,2019-09-20,286.6557312011719
1839,2019-09-23,286.5885009765625
1840,2019-09-24,284.3396911621094
1841,2019-09-25,286.021484375
1842,2019-09-26,285.4256286621094
1843,2019-09-27,283.8879699707031
1844,2019-09-30,285.20458984375
1845,2019-10-01,281.8121643066406
1846,2019-10-02,276.8340759277344
1847,2019-10-03,279.1020812988281
1848,2019-10-04,282.8788757324219
1849,2019-10-07,281.6584167480469
1850,2019-10-08,277.2857360839844
1851,2019-10-09,279.9189453125
1852,2019-10-10,281.8121643066406
1853,2019-10-11,284.73370361328125
1854,2019-10-14,284.41656494140625
1855,2019-10-15,287.23236083984375
1856,2019-10-16,286.7710876464844
1857,2019-10-17,287.6168212890625
1858,2019-10-18,286.3578186035156
1859,2019-10-21,288.2991027832031
1860,2019-10-22,287.3572998046875
1861,2019-10-23,288.1934509277344
1862,2019-10-24,288.664306640625
1863,2019-10-25,289.8464050292969
1864,2019-10-28,291.4800720214844
1865,2019-10-29,291.39361572265625
1866,2019-10-30,292.28741455078125
1867,2019-10-31,291.50897216796875
1868,2019-11-01,294.20947265625
1869,2019-11-04,295.39154052734375
1870,2019-11-05,295.0647888183594
1871,2019-11-06,295.13201904296875
1872,2019-11-07,296.1699523925781
1873,2019-11-08,296.90032958984375
1874,2019-11-11,296.33331298828125
1875,2019-11-12,296.9579772949219
1876,2019-11-13,297.0541076660156
1877,2019-11-14,297.486572265625
1878,2019-11-15,299.6392822265625
1879,2019-11-18,299.8602600097656
1880,2019-11-19,299.7738037109375
1881,2019-11-20,298.6589660644531
1882,2019-11-21,298.178466796875
1883,2019-11-22,298.8415832519531
1884,2019-11-25,301.15765380859375
1885,2019-11-26,301.8399963378906
1886,2019-11-27,303.1854248046875
1887,2019-11-29,302.06109619140625
1888,2019-12-02,299.4950866699219
1889,2019-12-03,297.486572265625
1890,2019-12-04,299.3221130371094
1891,2019-12-05,299.8602600097656
1892,2019-12-06,302.5992126464844
1893,2019-12-09,301.6478271484375
1894,2019-12-10,301.3114318847656
1895,2019-12-11,302.1667785644531
1896,2019-12-12,304.7711181640625
1897,2019-12-13,304.9537658691406
1898,2019-12-16,307.0487976074219
1899,2019-12-17,307.11602783203125
1900,2019-12-18,307.13525390625
1901,2019-12-19,308.39422607421875
1902,2019-12-20,309.7463073730469
1903,2019-12-23,310.2195129394531
1904,2019-12-24,310.22918701171875
1905,2019-12-26,311.880615234375
1906,2019-12-27,311.8033752441406
1907,2019-12-30,310.0842590332031
1908,2019-12-31,310.83758544921875
1909,2020-01-02,313.7445068359375
1910,2020-01-03,311.3687438964844
1911,2020-01-06,312.5566101074219
1912,2020-01-07,311.67779541015625
1913,2020-01-08,313.33892822265625
1914,2020-01-09,315.46356201171875
1915,2020-01-10,314.55572509765625
1916,2020-01-13,316.718994140625
1917,2020-01-14,316.2361755371094
1918,2020-01-15,316.9507751464844
1919,2020-01-16,319.58734130859375
1920,2020-01-17,320.58209228515625
1921,2020-01-21,319.9543151855469
1922,2020-01-22,319.9929504394531
1923,2020-01-23,320.3598937988281
1924,2020-01-24,317.5109558105469
1925,2020-01-27,312.42138671875
1926,2020-01-28,315.6953125
1927,2020-01-29,315.4345703125
1928,2020-01-30,316.458251953125
1929,2020-01-31,310.7120361328125
1930,2020-02-03,313.0201721191406
1931,2020-02-04,317.791015625
1932,2020-02-05,321.46087646484375
1933,2020-02-06,322.54254150390625
1934,2020-02-07,320.8235168457031
1935,2020-02-10,323.21856689453125
1936,2020-02-11,323.77874755859375
1937,2020-02-12,325.86468505859375
1938,2020-02-13,325.51708984375
1939,2020-02-14,326.0386047363281
1940,2020-02-18,325.1983642578125
1941,2020-02-19,326.7532043457031
1942,2020-02-20,325.41082763671875
1943,2020-02-21,322.0596618652344
1944,2020-02-24,311.37841796875
1945,2020-02-25,301.9429931640625
1946,2020-02-26,300.8323669433594
1947,2020-02-27,287.32147216796875
1948,2020-02-28,286.11431884765625
1949,2020-03-02,298.5048522949219
1950,2020-03-03,289.9579772949219
1951,2020-03-04,302.14581298828125
1952,2020-03-05,292.1019592285156
1953,2020-03-06,287.273193359375
1954,2020-03-09,264.8387451171875
1955,2020-03-10,278.5427551269531
1956,2020-03-11,264.9642333984375
1957,2020-03-12,239.61322021484375
1958,2020-03-13,260.0968933105469
1959,2020-03-16,231.63609313964844
1960,2020-03-17,244.14260864257812
1961,2020-03-18,231.7809600830078
1962,2020-03-19,232.2734832763672
1963,2020-03-20,222.26385498046875
1964,2020-03-23,216.5809783935547
1965,2020-03-24,236.20388793945312
1966,2020-03-25,239.7399139404297
1967,2020-03-26,253.73828125
1968,2020-03-27,246.18052673339844
1969,2020-03-30,254.17543029785156
1970,2020-03-31,250.3868408203125
1971,2020-04-01,239.1182098388672
1972,2020-04-02,244.63597106933594
1973,2020-04-03,241.09994506835938
1974,2020-04-06,257.293701171875
1975,2020-04-07,257.5559997558594
1976,2020-04-08,266.20172119140625
1977,2020-04-09,270.25262451171875
1978,2020-04-13,267.78521728515625
1979,2020-04-14,275.6829528808594
1980,2020-04-15,269.8251647949219
1981,2020-04-16,271.1268615722656
1982,2020-04-17,278.4515075683594
1983,2020-04-20,273.54583740234375
1984,2020-04-21,265.239990234375
1985,2020-04-22,271.1268615722656
1986,2020-04-23,271.10748291015625
1987,2020-04-24,274.8863525390625
1988,2020-04-27,278.84979248046875
1989,2020-04-28,277.5675354003906
1990,2020-04-29,284.8338317871094
1991,2020-04-30,282.1817932128906
1992,2020-05-01,274.71148681640625
1993,2020-05-04,275.46923828125
1994,2020-05-05,278.0143737792969
1995,2020-05-06,276.1297607421875
1996,2020-05-07,279.4617919921875
1997,2020-05-08,284.0858459472656
1998,2020-05-11,284.1441345214844
1999,2020-05-12,278.4806823730469
2000,2020-05-13,273.55548095703125
2001,2020-05-14,276.82928466796875
2002,2020-05-15,278.1018371582031
2003,2020-05-18,286.5727233886719
2004,2020-05-19,283.6293029785156
2005,2020-05-20,288.44757080078125
2006,2020-05-21,286.4561767578125
2007,2020-05-22,287.0001525878906
2008,2020-05-26,290.5361328125
2009,2020-05-27,294.85906982421875
2010,2020-05-28,294.3150634765625
2011,2020-05-29,295.62646484375
2012,2020-06-01,296.8213195800781
2013,2020-06-02,299.2790222167969
2014,2020-06-03,303.2618713378906
2015,2020-06-04,302.46533203125
2016,2020-06-05,310.2173767089844
2017,2020-06-08,313.96710205078125
2018,2020-06-09,311.6260070800781
2019,2020-06-10,309.8870849609375
2020,2020-06-11,292.0224304199219
2021,2020-06-12,295.5195617675781
2022,2020-06-15,298.2784729003906
2023,2020-06-16,304.01959228515625
2024,2020-06-17,302.7568359375
2025,2020-06-18,302.87335205078125
2026,2020-06-19,301.1424560546875
2027,2020-06-22,303.0743103027344
2028,2020-06-23,304.4695739746094
2029,2020-06-24,296.7030029296875
2030,2020-06-25,299.8838195800781
2031,2020-06-26,292.7610778808594
2032,2020-06-29,297.0639953613281
2033,2020-06-30,300.86920166015625
2034,2020-07-01,302.97674560546875
2035,2020-07-02,304.6452331542969
2036,2020-07-06,309.34814453125
2037,2020-07-07,306.1575927734375
2038,2020-07-08,308.499267578125
2039,2020-07-09,306.7430114746094
2040,2020-07-10,309.87506103515625
2041,2020-07-13,307.1918029785156
2042,2020-07-14,311.1726989746094
2043,2020-07-15,314.0315856933594
2044,2020-07-16,312.9973449707031
2045,2020-07-17,313.90472412109375
2046,2020-07-20,316.4415283203125
2047,2020-07-21,317.1147766113281
2048,2020-07-22,318.9198913574219
2049,2020-07-23,315.1145935058594
2050,2020-07-24,313.0851135253906
2051,2020-07-27,315.3682556152344
2052,2020-07-28,313.3680419921875
2053,2020-07-29,317.2221374511719
2054,2020-07-30,316.09027099609375
2055,2020-07-31,318.5881042480469
2056,2020-08-03,320.8030090332031
2057,2020-08-04,322.0421447753906
2058,2020-08-05,324.0422668457031
2059,2020-08-06,326.2083740234375
2060,2020-08-07,326.44256591796875
2061,2020-08-10,327.41827392578125
2062,2020-08-11,324.7155456542969
2063,2020-08-12,329.2428283691406
2064,2020-08-13,328.6476135253906
2065,2020-08-14,328.65740966796875
2066,2020-08-17,329.7013854980469
2067,2020-08-18,330.4137268066406
2068,2020-08-19,329.0379333496094
2069,2020-08-20,330.0624084472656
2070,2020-08-21,331.23333740234375
2071,2020-08-24,334.5896911621094
2072,2020-08-25,335.76055908203125
2073,2020-08-26,339.12677001953125
2074,2020-08-27,339.8683166503906
2075,2020-08-28,342.0635986328125
2076,2020-08-31,340.8244934082031
2077,2020-09-01,344.0345458984375
2078,2020-09-02,349.01068115234375
2079,2020-09-03,336.9997253417969
2080,2020-09-04,334.2481994628906
2081,2020-09-08,325.1156005859375
2082,2020-09-09,331.5357360839844
2083,2020-09-10,325.7790832519531
2084,2020-09-11,325.9449462890625
2085,2020-09-14,330.238037109375
2086,2020-09-15,331.90655517578125
2087,2020-09-16,330.5893249511719
2088,2020-09-17,327.68170166015625
2089,2020-09-18,323.9092102050781
2090,2020-09-21,320.3042297363281
2091,2020-09-22,323.56634521484375
2092,2020-09-23,316.0625
2093,2020-09-24,316.90496826171875
2094,2020-09-25,322.02838134765625
2095,2020-09-28,327.3770446777344
2096,2020-09-29,325.5941467285156
2097,2020-09-30,328.06280517578125
2098,2020-10-01,330.1689758300781
2099,2020-10-02,327.0341796875
2100,2020-10-05,332.8335266113281
2101,2020-10-06,328.1019287109375
2102,2020-10-07,333.8131103515625
2103,2020-10-08,336.77154541015625
2104,2020-10-09,339.77899169921875
2105,2020-10-12,345.2452392578125
2106,2020-10-13,342.9920959472656
2107,2020-10-14,340.8369445800781
2108,2020-10-15,340.41571044921875
2109,2020-10-16,340.2099914550781
2110,2020-10-19,335.0376281738281
2111,2020-10-20,336.37969970703125
2112,2020-10-21,335.742919921875
2113,2020-10-22,337.5845947265625
2114,2020-10-23,338.73077392578125
2115,2020-10-26,332.4710388183594
2116,2020-10-27,331.3249206542969
2117,2020-10-28,320.00054931640625
2118,2020-10-29,323.25286865234375
2119,2020-10-30,319.8830261230469
2120,2020-11-02,323.4684143066406
2121,2020-11-03,329.17950439453125
2122,2020-11-04,336.5364074707031
2123,2020-11-05,343.0998229980469
2124,2020-11-06,343.0214538574219
2125,2020-11-09,347.3317565917969
2126,2020-11-10,346.8224182128906
2127,2020-11-11,349.3987731933594
2128,2020-11-12,346.0093078613281
2129,2020-11-13,350.799560546875
2130,2020-11-16,355.1784973144531
2131,2020-11-17,353.2682189941406
2132,2020-11-18,349.0166931152344
2133,2020-11-19,350.4861145019531
2134,2020-11-20,348.0860290527344
2135,2020-11-23,350.172607421875
2136,2020-11-24,355.81524658203125
2137,2020-11-25,355.2666320800781
2138,2020-11-27,356.25604248046875
2139,2020-11-30,354.6788635253906
2140,2020-12-01,358.5581359863281
2141,2020-12-02,359.3124694824219
2142,2020-12-03,359.2144775390625
2143,2020-12-04,362.31005859375
2144,2020-12-07,361.5655517578125
2145,2020-12-08,362.62353515625
2146,2020-12-09,359.3712158203125
2147,2020-12-10,359.2536926269531
2148,2020-12-11,358.8324279785156
2149,2020-12-14,357.2258605957031
2150,2020-12-15,362.0553283691406
2151,2020-12-16,362.62353515625
2152,2020-12-17,364.65130615234375
2153,2020-12-18,363.1953125
2154,2020-12-21,361.8966979980469
2155,2020-12-22,361.2867736816406
2156,2020-12-23,361.6114196777344
2157,2020-12-24,363.01824951171875
2158,2020-12-28,366.1368408203125
2159,2020-12-29,365.4383850097656
2160,2020-12-30,365.9597473144531
2161,2020-12-31,367.8191223144531
2162,2021-01-04,362.8116455078125
2163,2021-01-05,365.31048583984375
2164,2021-01-06,367.4944763183594
2165,2021-01-07,372.95452880859375
2166,2021-01-08,375.0794982910156
2167,2021-01-11,372.5511474609375
2168,2021-01-12,372.6298828125
2169,2021-01-13,373.6333312988281
2170,2021-01-14,372.32489013671875
2171,2021-01-15,369.6096496582031
2172,2021-01-19,372.5118103027344
2173,2021-01-20,377.6669006347656
2174,2021-01-21,378.01116943359375
2175,2021-01-22,376.6732177734375
2176,2021-01-25,378.15875244140625
2177,2021-01-26,377.5684814453125
2178,2021-01-27,368.3405456542969
2179,2021-01-28,371.50836181640625
2180,2021-01-29,364.0708923339844
2181,2021-02-01,370.13104248046875
2182,2021-02-02,375.36480712890625
2183,2021-02-03,375.6599426269531
2184,2021-02-04,379.9295654296875
2185,2021-02-05,381.4249267578125
2186,2021-02-08,384.1795349121094
2187,2021-02-09,383.92376708984375
2188,2021-02-10,383.7565002441406
2189,2021-02-11,384.37628173828125
2190,2021-02-12,386.2750244140625
2191,2021-02-16,385.9405517578125
2192,2021-02-17,386.0290832519531
2193,2021-02-18,384.3861389160156
2194,2021-02-19,383.7073059082031
2195,2021-02-22,380.7559509277344
2196,2021-02-23,381.21832275390625
2197,2021-02-24,385.4190979003906
2198,2021-02-25,376.1321105957031
2199,2021-02-26,374.1940612792969
2200,2021-03-01,383.2646179199219
2201,2021-03-02,380.27386474609375
2202,2021-03-03,375.2369079589844
2203,2021-03-04,370.5934143066406
2204,2021-03-05,377.41107177734375
2205,2021-03-08,375.53204345703125
2206,2021-03-09,380.8937072753906
2207,2021-03-10,383.2646179199219
2208,2021-03-11,387.15057373046875
2209,2021-03-12,387.6719970703125
2210,2021-03-15,389.98394775390625
2211,2021-03-16,389.49200439453125
2212,2021-03-17,390.82012939453125
2213,2021-03-18,385.1338195800781
2214,2021-03-19,384.4212341308594
2215,2021-03-22,387.49078369140625
2216,2021-03-23,384.44097900390625
2217,2021-03-24,382.48663330078125
2218,2021-03-25,384.6383972167969
2219,2021-03-26,390.8368225097656
2220,2021-03-29,390.639404296875
2221,2021-03-30,389.60302734375
2222,2021-03-31,391.1822204589844
2223,2021-04-01,395.4066162109375
2224,2021-04-05,401.0819396972656
2225,2021-04-06,400.8450622558594
2226,2021-04-07,401.3089294433594
2227,2021-04-08,403.2138671875
2228,2021-04-09,406.14532470703125
2229,2021-04-12,406.29339599609375
2230,2021-04-13,407.49749755859375
2231,2021-04-14,406.1058654785156
2232,2021-04-15,410.46844482421875
2233,2021-04-16,411.8403625488281
2234,2021-04-19,409.8169860839844
2235,2021-04-20,406.8164978027344
2236,2021-04-21,410.6658020019531
2237,2021-04-22,406.9151611328125
2238,2021-04-23,411.3271179199219
2239,2021-04-26,412.185791015625
2240,2021-04-27,412.0970153808594
2241,2021-04-28,411.9785461425781
2242,2021-04-29,414.60400390625
2243,2021-04-30,411.8798522949219
2244,2021-05-03,412.7681884765625
2245,2021-05-04,410.2216796875
2246,2021-05-05,410.3500061035156
2247,2021-05-06,413.6268615722656
2248,2021-05-07,416.63726806640625
2249,2021-05-10,412.5115661621094
2250,2021-05-11,408.8299865722656
2251,2021-05-12,400.144287109375
2252,2021-05-13,404.9510192871094
2253,2021-05-14,411.169189453125
2254,2021-05-17,410.12298583984375
2255,2021-05-18,406.5895080566406
2256,2021-05-19,405.5235290527344
2257,2021-05-20,409.8861083984375
2258,2021-05-21,409.550537109375
2259,2021-05-24,413.7255859375
2260,2021-05-25,412.8076477050781
2261,2021-05-26,413.6268615722656
2262,2021-05-27,413.8440246582031
2263,2021-05-28,414.5842590332031
2264,2021-06-01,414.2191162109375
2265,2021-06-02,414.8705139160156
2266,2021-06-03,413.3307800292969
2267,2021-06-04,417.11102294921875
2268,2021-06-07,416.70635986328125
2269,2021-06-08,416.795166015625
2270,2021-06-09,416.17333984375
2271,2021-06-10,418.1078796386719
2272,2021-06-11,418.7987976074219
2273,2021-06-14,419.7364807128906
2274,2021-06-15,418.96661376953125
2275,2021-06-16,416.62738037109375
2276,2021-06-17,416.4892272949219
2277,2021-06-18,410.87060546875
2278,2021-06-21,416.75262451171875
2279,2021-06-22,418.98065185546875
2280,2021-06-23,418.47564697265625
2281,2021-06-24,420.95123291015625
2282,2021-06-25,422.44647216796875
2283,2021-06-28,423.298095703125
2284,2021-06-29,423.5258483886719
2285,2021-06-30,423.8823547363281
2286,2021-07-01,426.2292175292969
2287,2021-07-02,429.4870910644531
2288,2021-07-06,428.7048034667969
2289,2021-07-07,430.2198791503906
2290,2021-07-08,426.71441650390625
2291,2021-07-09,431.26953125
2292,2021-07-12,432.8143310546875
2293,2021-07-13,431.3388671875
2294,2021-07-14,431.9825134277344
2295,2021-07-15,430.5070495605469
2296,2021-07-16,427.13031005859375
2297,2021-07-19,420.822509765625
2298,2021-07-20,426.8530578613281
2299,2021-07-21,430.30902099609375
2300,2021-07-22,431.2101135253906
2301,2021-07-23,435.64642333984375
2302,2021-07-26,436.7158508300781
2303,2021-07-27,434.7254943847656
2304,2021-07-28,434.5472412109375
2305,2021-07-29,436.3494873046875
2306,2021-07-30,434.2303466796875
2307,2021-08-02,433.3193359375
2308,2021-08-03,436.8445739746094
2309,2021-08-04,434.69580078125
2310,2021-08-05,437.44866943359375
2311,2021-08-06,438.1715087890625
2312,2021-08-09,437.81500244140625
2313,2021-08-10,438.3596496582031
2314,2021-08-11,439.4489440917969
2315,2021-08-12,440.7659606933594
2316,2021-08-13,441.56805419921875
2317,2021-08-16,442.6078186035156
2318,2021-08-17,439.7064208984375
2319,2021-08-18,434.8938293457031
2320,2021-08-19,435.5671691894531
2321,2021-08-20,439.03302001953125
2322,2021-08-23,442.8949890136719
2323,2021-08-24,443.5980529785156
2324,2021-08-25,444.52886962890625
2325,2021-08-26,441.90472412109375
2326,2021-08-27,445.8558044433594
2327,2021-08-30,447.8164367675781
2328,2021-08-31,447.15301513671875
2329,2021-09-01,447.3906555175781
2330,2021-09-02,448.7671203613281
2331,2021-09-03,448.6581726074219
2332,2021-09-07,447.053955078125
2333,2021-09-08,446.50933837890625
2334,2021-09-09,444.59820556640625
2335,2021-09-10,441.0927429199219
2336,2021-09-13,442.22161865234375
2337,2021-09-14,439.83514404296875
2338,2021-09-15,443.5089416503906
2339,2021-09-16,442.80584716796875
2340,2021-09-17,438.492431640625
2341,2021-09-20,431.1809387207031
2342,2021-09-21,430.7736511230469
2343,2021-09-22,434.9757385253906
2344,2021-09-23,440.2607116699219
2345,2021-09-24,440.9859313964844
2346,2021-09-27,439.72430419921875
2347,2021-09-28,430.863037109375
2348,2021-09-29,431.5882263183594
2349,2021-09-30,426.313232421875
2350,2021-10-01,431.379638671875
2351,2021-10-04,425.8165283203125
2352,2021-10-05,430.24713134765625
2353,2021-10-06,432.0352783203125
2354,2021-10-07,435.7705078125
2355,2021-10-08,434.9757385253906
2356,2021-10-11,431.82666015625
2357,2021-10-12,430.7637023925781
2358,2021-10-13,432.31341552734375
2359,2021-10-14,439.585205078125
2360,2021-10-15,442.9329833984375
2361,2021-10-18,444.24432373046875
2362,2021-10-19,447.6716003417969
2363,2021-10-20,449.429931640625
2364,2021-10-21,450.6021728515625
2365,2021-10-22,450.13525390625
2366,2021-10-25,452.54925537109375
2367,2021-10-26,452.95654296875
2368,2021-10-27,450.9498596191406
2369,2021-10-28,455.3009948730469
2370,2021-10-29,456.224853515625
2371,2021-11-01,457.0096740722656
2372,2021-11-02,458.8573913574219
2373,2021-11-03,461.6588439941406
2374,2021-11-04,463.8344421386719
2375,2021-11-05,465.4437561035156
2376,2021-11-08,465.8410949707031
2377,2021-11-09,464.30133056640625
2378,2021-11-10,460.5660705566406
2379,2021-11-11,460.715087890625
2380,2021-11-12,464.1920166015625
2381,2021-11-15,464.3509826660156
2382,2021-11-16,466.1888122558594
2383,2021-11-17,465.05633544921875
2384,2021-11-18,466.6358642578125
2385,2021-11-19,465.8013916015625
2386,2021-11-22,464.4900817871094
2387,2021-11-23,465.1059875488281
2388,2021-11-24,466.3477478027344
2389,2021-11-26,455.9467468261719
2390,2021-11-29,461.5396423339844
2391,2021-11-30,452.5592041015625
2392,2021-12-01,447.5325012207031
2393,2021-12-02,454.3870544433594
2394,2021-12-03,450.43328857421875
2395,2021-12-06,455.7679138183594
2396,2021-12-07,465.1954040527344
2397,2021-12-08,466.4272155761719
2398,2021-12-09,463.2781066894531
2399,2021-12-10,467.63916015625
2400,2021-12-13,463.4966735839844
2401,2021-12-14,460.30780029296875
2402,2021-12-15,467.5001220703125
2403,2021-12-16,463.37744140625
2404,2021-12-17,458.4457702636719
2405,2021-12-20,453.5709533691406
2406,2021-12-21,461.62591552734375
2407,2021-12-22,466.2415771484375
2408,2021-12-23,469.1425476074219
2409,2021-12-27,475.78192138671875
2410,2021-12-28,475.39312744140625
2411,2021-12-29,476.0012512207031
2412,2021-12-30,474.6853332519531
2413,2021-12-31,473.4890441894531
2414,2022-01-03,476.23052978515625
2415,2022-01-04,476.0710144042969
2416,2022-01-05,466.929443359375
2417,2022-01-06,466.49078369140625
2418,2022-01-07,464.6465148925781
2419,2022-01-10,464.0683288574219
2420,2022-01-11,468.2951965332031
2421,2022-01-12,469.5612487792969
2422,2022-01-13,463.0913391113281
2423,2022-01-14,463.28076171875
2424,2022-01-18,455.07623291015625
2425,2022-01-19,450.3509216308594
2426,2022-01-20,445.3664245605469
2427,2022-01-21,436.62359619140625
2428,2022-01-24,438.4778137207031
2429,2022-01-25,433.12445068359375
2430,2022-01-26,432.037841796875
2431,2022-01-27,429.9044494628906
2432,2022-01-28,440.581298828125
2433,2022-01-31,448.5166320800781
2434,2022-02-01,451.5472412109375
2435,2022-02-02,455.93359375
2436,2022-02-03,445.2168884277344
2437,2022-02-04,447.3103942871094
2438,2022-02-07,445.8748474121094
2439,2022-02-08,449.54345703125
2440,2022-02-09,456.1230163574219
2441,2022-02-10,447.928466796875
2442,2022-02-11,439.09588623046875
2443,2022-02-14,437.66033935546875
2444,2022-02-15,444.71844482421875
2445,2022-02-16,445.2168884277344
2446,2022-02-17,435.7064208984375
2447,2022-02-18,432.88519287109375
2448,2022-02-22,428.2396240234375
2449,2022-02-23,420.6432189941406
2450,2022-02-24,426.9735412597656
2451,2022-02-25,436.394287109375
2452,2022-02-28,435.27777099609375
2453,2022-03-01,428.64837646484375
2454,2022-03-02,436.53387451171875
2455,2022-03-03,434.360595703125
2456,2022-03-04,430.8315734863281
2457,2022-03-07,418.1310119628906
2458,2022-03-08,414.96087646484375
2459,2022-03-09,426.0863037109375
2460,2022-03-10,424.16229248046875
2461,2022-03-11,418.76904296875
2462,2022-03-14,415.70855712890625
2463,2022-03-15,424.85015869140625
2464,2022-03-16,434.2708740234375
2465,2022-03-17,439.7040100097656
2466,2022-03-18,444.5199890136719
2467,2022-03-21,444.3900146484375
2468,2022-03-22,449.5899963378906
2469,2022-03-23,443.79998779296875
2470,2022-03-24,450.489990234375
2471,2022-03-25,452.69000244140625
2472,2022-03-28,455.9100036621094
2473,2022-03-29,461.54998779296875
2474,2022-03-30,458.70001220703125
2475,2022-03-31,451.6400146484375
2476,2022-04-01,452.9200134277344
2477,2022-04-04,456.79998779296875
2478,2022-04-05,451.0299987792969
2479,2022-04-06,446.5199890136719
2480,2022-04-07,448.7699890136719
2481,2022-04-08,447.57000732421875
2482,2022-04-11,439.9200134277344
2483,2022-04-12,438.2900085449219
2484,2022-04-13,443.30999755859375
2485,2022-04-14,437.7900085449219
2486,2022-04-18,437.9700012207031
2487,2022-04-19,445.0400085449219
2488,2022-04-20,444.7099914550781
2489,2022-04-21,438.05999755859375
2490,2022-04-22,426.0400085449219
2491,2022-04-25,428.510009765625
2492,2022-04-26,416.1000061035156
2493,2022-04-27,417.2699890136719
2494,2022-04-28,427.80999755859375
2495,2022-04-29,412.0
2496,2022-05-02,414.4800109863281
2497,2022-05-03,416.3800048828125
2498,2022-05-04,429.05999755859375
2499,2022-05-05,413.80999755859375
2500,2022-05-06,411.3399963378906
2501,2022-05-09,398.1700134277344
2502,2022-05-10,399.0899963378906
2503,2022-05-11,392.75
2504,2022-05-12,392.3399963378906
2505,2022-05-13,401.7200012207031
2506,2022-05-16,400.0899963378906
2507,2022-05-17,408.32000732421875
2508,2022-05-18,391.8599853515625
2509,2022-05-19,389.4599914550781
2510,2022-05-20,389.6300048828125
2511,2022-05-23,396.9200134277344
2512,2022-05-24,393.8900146484375
2513,2022-05-25,397.3699951171875
2514,2022-05-26,405.30999755859375
2515,2022-05-27,415.260009765625
